TAXA,Fe,Zn,K,Ca,P,IP6
SRR5349774,NA,NA,NA,NA,NA,NA
SRR5349775,NA,NA,NA,NA,NA,NA
SRR5349776,NA,NA,NA,NA,NA,NA
SRR5349777,NA,NA,NA,NA,NA,NA
SRR5349778,NA,NA,NA,NA,NA,NA
SRR5349779,NA,NA,NA,NA,NA,NA
SRR5349780,NA,NA,NA,NA,NA,NA
SRR5349781,NA,NA,NA,NA,NA,NA
SRR5349782,NA,NA,NA,NA,NA,NA
SRR5349783,NA,NA,NA,NA,NA,NA
SRR5349784,NA,NA,NA,NA,NA,NA
SRR5349785,NA,NA,NA,NA,NA,NA
SRR5349786,NA,NA,NA,NA,NA,NA
SRR5349787,NA,NA,NA,NA,NA,NA
SRR5349788,NA,NA,NA,NA,NA,NA
SRR5349789,NA,NA,NA,NA,NA,NA
SRR5349790,NA,NA,NA,NA,NA,NA
SRR5349791,NA,NA,NA,NA,NA,NA
SRR5349792,NA,NA,NA,NA,NA,NA
SRR5349793,NA,NA,NA,NA,NA,NA
SRR5349794,NA,NA,NA,NA,NA,NA
SRR5349795,NA,NA,NA,NA,NA,NA
SRR5349796,NA,NA,NA,NA,NA,NA
SRR5349797,NA,NA,NA,NA,NA,NA
SRR5349798,NA,NA,NA,NA,NA,NA
SRR5349799,NA,NA,NA,NA,NA,NA
SRR5349800,NA,NA,NA,NA,NA,NA
SRR5349801,NA,NA,NA,NA,NA,NA
SRR5349802,NA,NA,NA,NA,NA,NA
SRR5349803,NA,NA,NA,NA,NA,NA
SRR5349804,NA,NA,NA,NA,NA,NA
SRR5349805,NA,NA,NA,NA,NA,NA
SRR5349806,NA,NA,NA,NA,NA,NA
SRR5349807,NA,NA,NA,NA,NA,NA
SRR5349808,NA,NA,NA,NA,NA,NA
SRR5349809,NA,NA,NA,NA,NA,NA
SRR5349810,NA,NA,NA,NA,NA,NA
SRR5349811,NA,NA,NA,NA,NA,NA
SRR5349812,NA,NA,NA,NA,NA,NA
SRR5349813,NA,NA,NA,NA,NA,NA
SRR5349814,NA,NA,NA,NA,NA,NA
SRR5349815,NA,NA,NA,NA,NA,NA
SRR5349816,NA,NA,NA,NA,NA,NA
SRR5349817,NA,NA,NA,NA,NA,NA
SRR5349818,NA,NA,NA,NA,NA,NA
SRR5349819,NA,NA,NA,NA,NA,NA
SRR5349820,NA,NA,NA,NA,NA,NA
SRR5349821,NA,NA,NA,NA,NA,NA
SRR5349822,NA,NA,NA,NA,NA,NA
SRR5349823,NA,NA,NA,NA,NA,NA
SRR5349824,NA,NA,NA,NA,NA,NA
SRR5349825,NA,NA,NA,NA,NA,NA
SRR5349826,NA,NA,NA,NA,NA,NA
SRR5349827,NA,NA,NA,NA,NA,NA
SRR5349828,NA,NA,NA,NA,NA,NA
SRR5349829,NA,NA,NA,NA,NA,NA
SRR5349830,NA,NA,NA,NA,NA,NA
SRR5349831,NA,NA,NA,NA,NA,NA
SRR5349832,NA,NA,NA,NA,NA,NA
SRR5349833,NA,NA,NA,NA,NA,NA
SRR5349834,NA,NA,NA,NA,NA,NA
SRR5349835,-4.720107708,-2.310023267,-1097.145144,173.1754223,-550.1967341,0.014900914
SRR5349836,NA,NA,NA,NA,NA,NA
SRR5349837,NA,NA,NA,NA,NA,NA
SRR5349838,NA,4.93516826,58.04767583,112.0846648,417.9500235,0.037957875
SRR5349839,-1.302374547,-3.888814125,387.7452773,-144.8607556,-117.4906403,NA
SRR5349840,8.763699955,1.625740046,436.5730866,-73.70704987,29.53686815,0.003963081
SRR5349841,-0.680495121,1.581516815,789.2034938,-78.69050165,82.61736479,-0.03302442
SRR5349842,NA,NA,NA,NA,NA,NA
SRR5349843,NA,NA,NA,NA,NA,NA
SRR5349844,NA,NA,NA,NA,NA,NA
SRR5349845,NA,NA,NA,NA,NA,NA
SRR5349846,NA,NA,NA,NA,NA,NA
SRR5349847,NA,13.18579756,-9.822137515,-94.95544645,-178.7438749,0.005026964
SRR5349848,NA,NA,NA,NA,NA,NA
SRR5349849,-3.716738621,-3.58498741,133.6362344,-151.8530177,-49.23690095,0.035419323
SRR5349850,NA,NA,NA,NA,NA,NA
SRR5349851,10.94534871,1.339966207,-62.1501786,65.19164867,52.48858293,NA
SRR5349852,NA,NA,NA,NA,NA,NA
SRR5349853,NA,NA,NA,NA,NA,NA
SRR5349854,NA,0.13796488,-365.3558228,229.9691254,-13.76476759,0.085180519
SRR5349855,9.661570084,3.189036067,656.4351261,11.63484188,332.0155709,NA
SRR5349856,6.973995678,0.425613141,535.5625259,NA,-52.81410418,NA
SRR5349857,NA,NA,NA,NA,NA,NA
SRR5349858,-19.61476459,-3.85181427,687.8571423,-148.8119642,617.4327981,NA
SRR5349859,4.65856623,-6.792808317,-21.23614167,-50.41611673,-277.9122094,NA
SRR5349860,NA,NA,NA,NA,NA,NA
SRR5349861,2.918980136,-1.173999276,870.9814699,-124.0697953,-98.93111746,NA
SRR5349862,NA,NA,NA,NA,NA,NA
SRR5349863,NA,NA,NA,NA,NA,NA
SRR5349864,NA,NA,NA,NA,NA,NA
SRR5349865,NA,NA,NA,NA,NA,NA
SRR5349866,NA,NA,NA,NA,NA,NA
SRR5349867,NA,NA,NA,NA,NA,NA
SRR5349868,NA,NA,NA,NA,NA,NA
SRR5349869,NA,NA,NA,NA,NA,NA
SRR5349870,NA,NA,NA,NA,NA,NA
SRR5349871,NA,NA,NA,NA,NA,NA
SRR5349872,NA,NA,NA,NA,NA,NA
SRR5349873,NA,NA,NA,NA,NA,NA
SRR5349874,NA,NA,NA,NA,NA,NA
SRR5349875,NA,NA,NA,NA,NA,NA
SRR5349876,NA,NA,NA,NA,NA,NA
SRR5349877,NA,NA,NA,NA,NA,NA
SRR5349878,NA,NA,NA,NA,NA,NA
SRR5349879,NA,NA,NA,NA,NA,NA
SRR5349880,NA,NA,NA,NA,NA,NA
SRR5349881,NA,NA,NA,NA,NA,NA
SRR5349882,NA,NA,NA,NA,NA,NA
SRR5349883,NA,NA,NA,NA,NA,NA
SRR5349884,NA,NA,NA,NA,NA,NA
SRR5349885,NA,NA,NA,NA,NA,NA
SRR5349886,NA,NA,NA,NA,NA,NA
SRR5349887,NA,NA,NA,NA,NA,NA
SRR5349888,NA,NA,NA,NA,NA,NA
SRR5349889,NA,NA,NA,NA,NA,NA
SRR5349890,NA,NA,NA,NA,NA,NA
SRR5349891,NA,NA,NA,NA,NA,NA
SRR5349892,NA,NA,NA,NA,NA,NA
SRR5349893,NA,NA,NA,NA,NA,NA
SRR5349894,NA,NA,NA,NA,NA,NA
SRR5349895,NA,NA,NA,NA,NA,NA
SRR5349896,NA,NA,NA,NA,NA,NA
SRR5349897,NA,NA,NA,NA,NA,NA
SRR5349898,NA,NA,NA,NA,NA,NA
SRR5349899,NA,NA,NA,NA,NA,NA
SRR5349900,NA,NA,NA,NA,NA,NA
SRR5349901,NA,NA,NA,NA,NA,NA
SRR5349902,NA,NA,NA,NA,NA,NA
SRR5349903,NA,NA,NA,NA,NA,NA
SRR5349904,NA,NA,NA,NA,NA,NA
SRR5349905,NA,NA,NA,NA,NA,NA
SRR5349906,NA,NA,NA,NA,NA,NA
SRR5349907,NA,NA,NA,NA,NA,NA
SRR5349908,NA,NA,NA,NA,NA,NA
SRR5349909,NA,NA,NA,NA,NA,NA
SRR5349910,NA,NA,NA,NA,NA,NA
SRR5349911,NA,NA,NA,NA,NA,NA
SRR5349912,NA,NA,NA,NA,NA,NA
SRR5349913,NA,NA,NA,NA,NA,NA
SRR5349914,NA,NA,NA,NA,NA,NA
SRR5349915,NA,NA,NA,NA,NA,NA
SRR5349916,NA,NA,NA,NA,NA,NA
SRR5349917,NA,NA,NA,NA,NA,NA
SRR5349918,NA,NA,NA,NA,NA,NA
SRR5349919,NA,NA,NA,NA,NA,NA
SRR5349920,NA,NA,NA,NA,NA,NA
SRR5349921,NA,NA,NA,NA,NA,NA
SRR5349922,NA,NA,NA,NA,NA,NA
SRR5349923,NA,NA,NA,NA,NA,NA
SRR5349924,NA,NA,NA,NA,NA,NA
SRR5349925,17.67700974,2.606777003,26.22030647,6.39149907,-486.7704333,-0.017955218
SRR5349926,-5.22792692,-1.342105237,-220.9580639,-26.24507309,18.82950832,0.012954925
SRR5349927,-5.48695374,-2.788572402,-479.0612387,-70.24402021,-392.4214156,0.006967927
SRR5349928,-0.81675773,-0.091822343,-293.4796949,-131.9869568,77.97478422,NA
SRR5349929,NA,-3.200020833,-210.0906172,NA,-324.900899,0.00372213
SRR5349930,5.034668323,-3.578522396,339.6948325,-63.28933214,161.7691862,0.008669994
SRR5349931,-0.747082451,2.747835465,738.7970528,-108.2921187,356.999592,NA
SRR5349932,1.705419036,4.21245765,442.4130657,-11.72721084,658.8766132,0.008034733
SRR5349933,NA,NA,NA,NA,NA,NA
SRR5349934,NA,NA,NA,NA,NA,NA
SRR5349935,NA,-6.044721246,NA,54.57150525,-87.75187659,-0.020355125
SRR5349936,-2.258233555,2.289062686,-129.8938107,-127.3651043,66.40018958,0.009817272
SRR5349937,NA,NA,NA,NA,NA,NA
SRR5349938,NA,NA,NA,NA,NA,NA
SRR5349939,NA,NA,NA,NA,NA,NA
SRR5349940,NA,NA,NA,NA,NA,NA
SRR5349941,16.72803176,-1.606321204,714.4577824,-205.4921684,-234.2257815,NA
SRR5349942,3.824684827,5.958677532,-560.9149041,447.0237721,177.0941853,NA
SRR5349943,18.02107189,5.030647119,589.7767599,234.6227467,-233.7584129,NA
SRR5349944,8.199178702,-0.452139924,-590.2957852,-53.9623126,-469.6321402,-0.035537729
SRR5349945,-6.444084291,-7.055776999,56.46819795,44.89636694,-210.6107031,NA
SRR5349946,10.76769255,2.202888099,-414.8481593,NA,-165.512813,NA
SRR5349947,-1.542080721,-4.967623171,-88.16173067,169.3386848,167.3785519,-0.007225975
SRR5349948,6.559788595,4.608711135,257.2188599,-12.76933406,526.2539487,NA
SRR5349949,-3.348619397,-3.313926177,377.8808444,-26.35960452,103.9534071,0.006790161
SRR5349950,-8.581682296,0.754444063,-73.34559796,NA,-182.0191945,-0.00271714
SRR5349951,6.879506891,-2.707109089,198.5496642,-197.5652716,125.1972219,-0.006778755
SRR5349952,-7.693483981,-4.177502501,-161.3777312,-73.61093446,99.93287536,-0.016028201
SRR5349953,NA,NA,NA,NA,NA,NA
SRR5349954,29.20192353,0.292759556,299.6276963,-19.15600338,-60.87451242,NA
SRR5349955,0.747355677,2.726410164,-359.627711,503.2540616,257.518788,NA
SRR5349956,-6.015856699,-2.285376254,77.13178726,212.1577461,179.8356887,-0.010819423
SRR5349957,-8.238808525,1.066053363,-628.6911653,-7.470206403,-22.28672506,-0.024822045
SRR5349958,-9.594755897,-5.53338764,143.4426183,-196.4458131,-1.006472823,NA
SRR5349959,-3.289559834,0.42295184,-27.53699093,NA,297.936617,0.012776578
SRR5349960,-11.10548611,0.316640213,-679.7696317,-33.90375483,21.1064272,NA
SRR5349961,-4.245376838,1.351798291,295.8057946,89.40177607,433.6900285,-0.022326651
SRR5349962,3.815907809,-0.758372761,-127.1229581,-190.789028,-179.4430156,NA
SRR5349963,-5.24172416,0.191870871,-44.4314981,NA,699.3390208,NA
SRR5349964,-6.754776747,-3.299263355,369.8747811,NA,154.2162784,0.071725739
SRR5349965,3.749476935,0.842407448,-244.3212901,-166.4582806,21.5477952,NA
SRR5349966,0.969769249,-1.446552259,68.23205805,NA,209.8029753,-0.012885652
SRR5349967,-0.080973671,2.139643246,1472.645745,274.8081975,506.4931873,0.00371308
SRR5349968,NA,NA,NA,NA,NA,NA
SRR5349969,5.5167048,1.886055833,710.7656225,NA,64.37201922,NA
SRR5349970,NA,NA,NA,NA,NA,NA
SRR5349971,-1.249892984,-0.529236142,-122.177977,NA,-54.6350225,NA
SRR5349972,3.075903918,-0.089369153,-182.4790151,-68.09579032,-213.2154579,0.012873693
SRR5349973,-6.134842476,3.06382054,-307.426817,NA,-30.77208684,-0.007866303
SRR5349974,-3.197121585,-3.717941069,173.0943651,-82.79431668,-381.9598991,0.04664276
SRR5349975,-12.80882959,-3.721496362,-1365.236012,-248.6169757,-545.1808814,-0.073168507
SRR5349976,-3.03898838,3.654771302,515.8925481,214.2457284,776.0153106,0.051008365
SRR5349977,-4.834643957,-3.7650907,-335.6284703,187.0317382,-15.59888394,-0.028964
SRR5349978,-3.701751637,-1.502440174,-665.4870899,-89.61198604,-433.8429466,-0.033950308
SRR5349979,-8.091721539,-2.252289446,137.3880392,65.60168035,23.81085538,0.005380634
SRR5349980,-0.192209381,1.404608158,927.5044609,-23.58081302,1074.905915,NA
SRR5349981,-13.46259072,-4.413656989,-322.0457736,-130.8116748,-510.3284421,-0.022484716
SRR5349982,NA,NA,NA,NA,NA,NA
SRR5349983,-0.523148315,-0.505976258,-428.3984256,2.638136618,13.65375068,-0.024097086
SRR5349984,-5.130242794,-0.111813576,103.3912874,-137.1649833,-161.4203432,-0.003259179
SRR5349985,-6.949097395,-1.723288709,358.7056986,-9.208987617,63.27058935,NA
SRR5349986,NA,2.024363452,576.5964543,-166.0897219,749.5509755,NA
SRR5349987,15.68990002,7.094382523,-286.4872235,-62.73918952,-306.1682407,-0.004023433
SRR5349988,-4.819480638,-3.436554501,10.04516592,-143.524642,80.33308843,NA
SRR5349989,-11.74897733,5.726035629,NA,52.81087457,-162.4319223,-0.018559857
SRR5349990,2.556555262,0.847444282,-1061.271962,-95.79583093,-35.88254154,-0.007906839
SRR5349991,6.549313094,0.604301039,-235.6886776,-131.5007273,-239.8307378,NA
SRR5349992,1.441498638,-0.410796852,1152.377932,-110.9868248,412.3168484,0.063875324
SRR5349993,-3.275458441,-1.202371062,-567.5776657,-23.42061156,-421.7711606,-0.06100389
SRR5349994,6.690048333,3.723341097,-30.541051,-205.1697987,257.0437234,-0.003284127
SRR5349995,-1.942327357,-4.203537843,212.3364973,-18.86982381,-117.1794115,0.019356172
SRR5349996,8.518942982,1.307605048,-534.3284381,-90.72644453,-187.6000152,0.005020759
SRR5349997,NA,NA,NA,NA,NA,NA
SRR5349998,6.459385458,6.007403962,NA,NA,-78.37957707,0.014237511
SRR5349999,NA,NA,NA,NA,NA,NA
SRR5350000,NA,NA,NA,NA,NA,NA
SRR5350001,-6.643606128,-0.566745662,-1116.860438,367.4050994,-131.8075085,-0.007389499
SRR5350002,NA,NA,NA,NA,NA,NA
SRR5350003,NA,NA,NA,NA,NA,NA
SRR5350004,-4.016413216,-2.931099323,621.3421379,-185.0847155,106.4942539,NA
SRR5350005,-6.300772457,1.415307031,332.770084,-84.13427774,43.37648013,-0.006358704
SRR5350006,NA,NA,NA,NA,NA,NA
SRR5350007,NA,NA,NA,NA,NA,NA
SRR5350008,NA,NA,NA,NA,NA,NA
SRR5350009,-2.210855578,-0.665251967,296.1234091,103.8729108,-451.0558515,0.015865506
SRR5350010,-11.13985558,-5.246918055,-28.13546026,-112.851987,-27.9641798,0.021448632
SRR5350011,1.703177912,3.906337657,-36.66152139,-45.41280456,525.8352395,-0.016987981
SRR5350012,0.284865984,3.124347519,-5.220899092,-18.55745961,223.2384952,NA
SRR5350013,0.836510494,6.557863964,-521.7505251,70.65609811,362.2540349,-0.012426778
SRR5350014,11.02855722,1.390361178,-90.01704142,6.759955739,-296.1752013,-0.032979762
SRR5350015,40.07369054,7.363724282,311.7346942,-7.016484471,398.5832408,NA
SRR5350016,-1.626643312,-2.54340059,-195.1764513,NA,NA,-0.016875827
SRR5350017,-4.451838424,-6.823279408,-612.5945173,-197.9553246,-663.6432642,NA
SRR5350018,0.19012447,3.739775319,238.4878393,-188.8598807,158.5383319,-0.027679685
SRR5350019,NA,NA,NA,NA,NA,NA
SRR5350020,NA,-0.440600101,136.4789716,29.0977383,21.78213308,-0.014807108
SRR5350021,-3.997319538,0.247028051,-401.882382,126.8668962,-116.0973307,-0.029815794
SRR5350022,NA,NA,NA,NA,NA,NA
SRR5350023,27.82403602,7.177902701,3.524912342,63.99060637,65.00380691,NA
SRR5350024,8.284409446,5.921025194,416.416008,-138.1324063,143.369075,-0.009711577
SRR5350025,0.342668719,-0.20992633,-697.969876,-43.03110716,-151.3376109,NA
SRR5350026,-17.88785629,-5.439724096,-920.751931,NA,383.7749952,-0.029936534
SRR5350027,NA,0.728715643,645.4023599,531.9685889,514.7755314,-0.016549465
SRR5350028,-20.22076984,-4.627265096,-716.7365213,NA,344.6513256,NA
SRR5350029,-13.80488854,-0.329517043,-463.9459103,119.0778014,15.13772111,0.04919456
SRR5350030,-9.853702421,-3.881328213,-837.299112,155.4387146,-743.2641747,NA
SRR5350031,10.63775465,1.972448636,-106.8304661,-84.95234992,-371.1953145,NA
SRR5350032,-2.817941543,-1.763714593,-379.9840223,24.72103283,-549.1797126,-0.01161808
SRR5350033,-3.932725605,3.624990483,-599.3229905,231.6525492,283.4040977,0.019290745
SRR5350034,-8.260081828,-2.88615993,-136.6071011,-59.49885247,-257.7620855,NA
SRR5350035,-5.454927887,-2.880330288,-480.3270349,50.18636245,-114.9837313,NA
SRR5350036,11.65529046,-4.442032806,55.42506563,-184.364906,-695.7239998,-0.008251663
SRR5350037,-10.49834704,-3.271657519,-137.1309337,-78.26096475,101.186487,-0.026792893
SRR5350038,-0.012164704,0.517237623,336.0367037,439.8475758,412.9024795,NA
SRR5350039,-7.196273454,-1.891724224,-530.5898954,NA,-51.04888081,NA
SRR5350040,0.02150124,-0.828732237,280.0348704,-92.69382945,165.1879059,0.000833679
SRR5350041,8.733877095,2.51991398,310.1397584,468.1076245,531.59189,NA
SRR5350042,14.7198553,0.84357349,87.97703793,344.1111804,-74.76302227,-0.027526623
SRR5350043,8.120887783,-2.045490115,-373.2257187,-176.0874474,-261.5999169,NA
SRR5350044,NA,NA,NA,NA,NA,NA
SRR5350045,NA,NA,NA,NA,NA,NA
SRR5350046,NA,1.921695195,7.705202434,-82.76268689,-306.1993105,NA
SRR5350047,NA,5.43618372,1319.259833,118.2334987,25.96888845,0.025451916
SRR5350048,1.694986143,0.39966493,923.7110331,NA,114.8625829,-0.019865841
SRR5350049,13.23230344,1.106964087,567.8142137,NA,-102.5768051,0.02294247
SRR5350050,NA,2.789466069,-163.8713775,-123.1787244,30.31289453,-0.007440712
SRR5350051,-9.677803566,-2.658381286,1081.826307,NA,229.9640622,-0.012462801
SRR5350052,-11.02740909,-4.408932142,-313.7687842,-90.97634913,-210.9902346,NA
SRR5350053,NA,NA,NA,NA,NA,NA
SRR5350054,NA,4.929680748,-463.8070516,NA,39.42674358,0.021566537
SRR5350055,-2.662662987,-5.641063926,-109.2073343,69.18086243,254.4808913,-0.002811447
SRR5350056,-4.428846132,-1.530968965,-516.467828,-213.2161425,-29.67379132,0.005264092
SRR5350057,-7.534960702,-2.706025338,662.3359951,14.26643394,196.4695793,0.012697045
SRR5350058,4.187313204,0.084091237,541.9230388,108.2154417,214.7003118,0.004526105
SRR5350059,-3.828060664,-1.253736984,597.6926167,-205.7332295,-302.7610024,-0.006066996
SRR5350060,6.948625302,0.992447798,1749.324759,NA,693.5973531,-0.005868524
SRR5350061,NA,4.432639319,1618.980501,353.6657201,760.7275872,0.00633025
SRR5350062,8.282111894,1.815311731,-154.489404,-29.44257752,-660.9592413,NA
SRR5350063,-6.296540433,-4.741132305,-555.4063058,25.74661046,-23.67473236,NA
SRR5350064,21.17023484,1.435983655,287.7221923,40.78061052,229.744238,NA
SRR5350065,20.44106425,2.538147355,-371.7216883,88.55628359,48.99559772,NA
SRR5350066,-12.04624733,-1.722698792,-156.2708926,-146.2672669,101.011678,0.010166134
SRR5350067,0.34592119,3.356013961,247.8658252,204.003356,35.06245632,-0.024324968
SRR5350068,NA,8.453201576,-784.7314934,78.45010271,-325.9631865,-0.021262366
SRR5350069,-12.66158664,-3.856205062,-206.3922778,-45.76059391,43.84263606,NA
SRR5350070,0.56153162,-2.66392935,-336.3024009,-116.7870637,-202.3538012,NA
SRR5350071,6.942180961,2.191455489,-400.8741579,-150.2522517,40.98384043,NA
SRR5350072,10.910674,-2.403588487,105.527356,69.02312888,-212.1756785,-0.013486828
SRR5350073,0.677327792,-1.144573657,182.6637173,152.4662709,455.6801297,-0.009380247
SRR5350074,19.25559127,6.80478674,-84.40343391,192.9418773,-472.0727419,0.001860488
SRR5350075,-3.041623926,-0.454388752,-345.2913133,11.46704937,-168.2145403,NA
SRR5350076,0.188828056,-1.927110159,-235.9741154,-50.87832666,71.85824728,0.009554677
SRR5350077,8.584482022,1.854958638,-9.170059645,-74.05994261,26.1954888,0.032692909
SRR5350078,-0.777886055,-1.749987385,411.0619554,-28.24335357,-20.94202405,0.063103442
SRR5350079,-23.82191088,-6.991887467,-1152.368546,NA,-276.8047849,0.047802115
SRR5350080,NA,NA,NA,NA,NA,NA
SRR5350081,-3.717543512,6.526409406,NA,-48.98290616,680.8649871,NA
SRR5350082,NA,NA,NA,NA,NA,NA
SRR5350083,3.913921417,1.076459725,-277.9403757,160.3771918,67.12957842,0.028266595
SRR5350084,-2.486340783,3.052422285,-140.7068914,227.0867622,183.6632178,0.01383195
SRR5350085,-7.596152998,-3.874514435,-59.59095985,-123.6137837,373.5637179,0.02505488
SRR5350086,1.126596293,0.154850483,543.0604038,-137.6798617,-51.5773694,0.006606113
SRR5350087,1.948399695,2.632618463,-281.2382049,142.5764505,18.92829221,0.030404671
SRR5350088,NA,NA,NA,NA,NA,NA
SRR5350089,-8.973316019,0.177495197,-1100.922214,NA,639.9982852,NA
SRR5350090,2.583329305,2.365731543,365.7461255,-5.804865644,-499.021167,NA
SRR5350091,NA,3.014418556,NA,158.6307055,571.4317912,-0.08513744
SRR5350092,-0.29052011,1.179428352,422.3073871,NA,-0.927609144,-0.02127784
SRR5350093,NA,NA,NA,NA,NA,NA
SRR5350094,1.46933041,NA,-868.2096452,278.9109772,-48.05301544,-0.007975797
SRR5350095,3.504345085,-0.251582538,-791.3097101,-200.4467255,-607.8597164,NA
SRR5350096,NA,5.878671809,114.1272701,NA,770.2782866,NA
SRR5350097,1.213127874,-0.91320733,108.018763,-231.2744348,-165.5034948,0.009180664
SRR5350098,2.98649795,5.680889449,856.0741303,-75.55983567,617.5313282,-0.003047656
SRR5350099,-4.082628146,-3.047674806,-92.12775803,-105.344836,-337.6123056,NA
SRR5350100,NA,NA,NA,NA,NA,NA
SRR5350101,0.499695907,1.181154128,-158.8007223,75.15030918,316.4499877,-0.024113486
SRR5350102,0.407403587,2.834183712,554.2379881,50.15571299,520.4036858,-0.032385163
SRR5350103,-10.31268242,-1.462738427,-257.8330487,NA,122.1524818,-0.010248566
SRR5350104,1.984798222,-1.199145174,452.2695417,100.6421019,316.221832,0.009576951
SRR5350105,NA,NA,NA,NA,NA,NA
SRR5350106,-5.117271121,-4.406270296,-247.2492079,42.72012421,-389.7436157,0.027099731
SRR5350107,-4.539662745,0.954743893,-159.1834558,112.9421578,-180.9950716,-0.011536547
SRR5350108,44.56326477,2.791851626,-19.7771979,62.67174634,-128.4776797,-0.036922708
SRR5350109,-8.292608771,-2.66520498,401.7154663,-207.8663164,-69.37139328,0.028576824
SRR5350110,2.250588164,-1.988168634,317.4532568,347.4554252,-168.4553739,-0.012851099
SRR5350111,-5.583910133,1.410675267,608.0881125,179.3976107,414.0292557,0.016441985
SRR5350112,NA,NA,NA,NA,NA,NA
SRR5350113,1.413820177,2.251551581,118.8759411,NA,165.1754947,-0.010160158
SRR5350114,-8.262755295,-2.610059973,488.9037142,NA,105.8459998,0.055117631
SRR5350115,-9.656443486,-2.292543868,690.6087654,-125.4354597,41.56922635,0.005948799
SRR5350116,-7.856910949,-1.385632906,-418.915797,-111.0883006,-336.1647922,-0.027913112
SRR5350117,NA,4.383623271,-54.00531308,-48.48320226,-0.515669567,-0.041131434
SRR5350118,-15.59780198,-7.695499307,-406.375054,-89.86428536,-81.48268207,NA
SRR5350119,-8.477022899,-2.362724244,197.4879516,-71.74295034,232.0645443,NA
SRR5350120,NA,NA,NA,NA,NA,NA
SRR5350121,9.841779524,1.754168548,325.100451,NA,244.5938141,0.022770173
SRR5350122,6.264648587,2.988387415,826.2984447,-188.8052649,80.21925425,NA
SRR5350123,-0.651744229,2.990555241,-716.0180438,100.2180463,123.0747469,-0.018408531
SRR5350124,NA,NA,NA,9.249643575,NA,-0.001925425
SRR5350125,8.49672093,0.699975255,-780.4538452,-50.8536361,-261.3461575,-0.031869944
SRR5350126,9.108119048,1.086631807,-659.2810166,184.6016974,49.33536726,0.009706106
SRR5350127,38.791495,3.855940218,568.4679718,127.8764555,209.9446066,NA
SRR5350128,NA,2.04923069,-226.0009924,117.7326076,-281.426857,NA
SRR5350129,10.09839639,0.763579659,1000.150367,-239.7918485,78.14099813,NA
SRR5350130,NA,0.781833813,-24.752332,39.25699787,-262.9100468,-0.026927191
SRR5350131,40.8255577,0.695280321,54.6446181,-5.546509333,-179.5621089,-0.002579463
SRR5350132,NA,NA,NA,NA,NA,NA
SRR5350133,NA,1.012717806,-589.6583816,3.093472966,-391.882737,0.047121057
SRR5350134,-11.87354395,-1.488781594,506.7783589,344.2269554,71.37988231,-0.023401048
SRR5350135,-16.88616323,-7.754559468,-524.3139913,28.54371102,-190.7807323,NA
SRR5350136,-2.66901733,-1.077361224,-956.1341235,-142.2869667,-288.0957085,0.038596387
SRR5350137,-10.27461366,-3.473584002,11.03061396,-60.47955478,132.6120987,NA
SRR5350138,2.689775098,7.823312653,467.8512191,NA,104.0718918,0.021200729
SRR5350139,NA,NA,NA,NA,NA,NA
SRR5350140,-9.934226404,-5.243630615,151.7354707,-52.8077186,-252.3226281,NA
SRR5350141,37.5444504,3.235068076,-116.63303,-59.80008886,-401.3094426,0.017326687
SRR5350142,-7.549627659,-0.510725562,-800.1432648,195.5210681,-304.6148364,NA
SRR5350143,-1.382631399,1.272677196,499.6308096,NA,177.62351,NA
SRR5350144,7.196599047,4.428420506,-1153.484691,89.30794618,-135.9559135,-0.0106816
SRR5350145,0.911723294,4.6957455,-930.1705001,241.0496278,2.702155941,0.003884556
SRR5350146,1.530673622,-2.711380746,346.9892609,-162.9573986,-44.73920022,0.026159763
SRR5350147,-12.85916038,-4.016676528,252.2321844,-193.3300841,182.0373941,-0.015948815
SRR5350148,-0.414495835,-0.886230381,810.8684778,-191.5113879,561.5047254,0.007602229
SRR5350149,-13.29444595,-3.058603331,504.2353998,-51.97883749,446.5313868,0.033042137
SRR5350150,-11.07752387,-2.291688495,-53.76180931,-32.10148039,35.61772444,NA
SRR5350151,33.22681122,-0.524195429,-275.7961926,65.18079993,-373.9962155,NA
SRR5350152,-9.145796821,0.909399046,-174.6663563,NA,-209.1959351,-0.004811908
SRR5350153,NA,0.135438682,171.2871988,-223.8061464,-116.5277173,-0.02995089
SRR5350154,-10.27442613,-4.977534134,306.3374153,-132.3920514,-174.5349849,NA
SRR5350155,-21.24516672,NA,-361.7261626,181.2390534,78.55027829,0.019751156
SRR5350156,-6.903854978,-3.019579024,-300.1725576,264.4874079,-757.5881635,NA
SRR5350157,-1.658362192,-0.473905448,-330.7281676,336.3848559,-610.5275785,-0.010736106
SRR5350158,9.531384701,0.89228466,NA,93.21623877,467.1136172,NA
SRR5350159,-9.679242622,-2.941113429,-1623.714615,-38.33327607,-859.3208671,0.00029723
SRR5350160,-3.168478006,-0.082477049,160.4831132,-207.4027529,-115.9203482,-0.041332619
SRR5350161,4.026644356,-0.148261262,220.757872,-52.22874516,-114.0067817,-0.043721699
SRR5350162,-16.772402,-3.684214265,-672.8984608,-140.5671082,-420.0098886,0.020447716
SRR5350163,10.06970953,-2.897021353,-473.3314371,-211.4145416,-299.0605604,0.002032092
SRR5350164,7.81525976,2.969954872,149.8260846,99.95196028,-303.9374211,-0.002706832
SRR5350165,NA,-3.929629097,-418.9351804,-109.0209642,-258.6477425,-0.010023212
SRR5350166,-6.084557164,-1.623264313,571.1755576,-67.23353301,-120.8598324,NA
SRR5350167,NA,NA,NA,NA,NA,NA
SRR5350168,-4.265832212,-1.808068566,-83.83304981,-28.85815067,106.8131401,-0.005955732
SRR5350169,-6.871465572,-2.911683955,159.1866412,-93.66030587,-69.21528482,NA
SRR5350170,-5.374886345,-2.246127768,398.5935473,-81.48645973,-43.51348814,0.025975015
SRR5350171,-13.77079347,NA,-33.16139075,-222.0828068,-1035.23714,0.049572198
SRR5350172,NA,-0.502890751,119.053164,151.5481037,-187.2797325,-0.019510142
SRR5350173,-1.01706076,2.672300873,-15.8256644,37.75627151,-199.3431972,0.014791691
SRR5350174,20.57809864,7.672288102,-33.29573924,-110.2579275,-198.2661217,-0.011791591
SRR5350175,5.900127184,-0.117492756,413.8893655,-185.239499,-228.7020743,NA
SRR5350176,-11.67009665,-2.781830791,339.5621123,-5.611918532,108.0094149,NA
SRR5350177,3.094900322,-2.204306208,191.9709061,67.30866999,179.0242135,0.008992915
SRR5350178,NA,NA,NA,NA,NA,NA
SRR5350179,3.739316546,5.684685105,1177.086553,15.32411938,463.9159911,NA
SRR5350180,1.872997014,0.132045598,-222.5485183,23.3656115,-123.7376232,-0.006150573
SRR5350181,4.052595868,-0.783967714,1055.097816,266.0122209,609.6361976,NA
SRR5350182,7.610064093,1.272827357,-525.3793474,NA,35.58195766,0.004485276
SRR5350183,-0.375380892,-4.636362199,-78.80554602,129.6394515,-203.2242978,-0.009693922
SRR5350184,2.484709039,1.548394844,-184.5631591,-120.8374784,249.0104818,-0.01038383
SRR5350185,4.845888928,1.607160658,346.8395084,-14.80665903,369.7170485,-0.019101814
SRR5350186,-4.028964766,0.239336483,593.095482,-97.40055604,-155.8799522,NA
SRR5350187,-12.39791098,-7.848588539,-513.6479279,88.44967722,-156.7375101,NA
SRR5350188,NA,-1.033662711,1160.031601,14.57871061,-230.5239508,-0.044302994
SRR5350189,8.091903089,8.928642595,-528.4851081,203.0079111,64.07747755,NA
SRR5350190,6.801429321,3.40549482,-330.5306511,-195.7822598,137.6101698,-0.004717475
SRR5350191,5.770677156,1.511632826,342.889168,-74.75197467,122.4127911,NA
SRR5350192,NA,NA,NA,NA,NA,NA
SRR5350193,-1.223220393,-4.130558708,99.77289263,-149.468804,-257.8504841,0.003384834
SRR5350194,3.609483978,-1.781508573,214.4999912,24.94958132,-100.58666,0.033581937
SRR5350195,-11.04480481,-4.072956538,150.2631323,251.7250592,-97.83167896,NA
SRR5350196,-4.540207025,-0.567165336,-24.27526424,86.78646524,-17.80857278,NA
SRR5350197,-7.395245763,-0.489840424,-61.01900596,37.58502043,-299.022631,-0.011208212
SRR5350198,NA,4.974688497,NA,151.0678604,153.3854863,NA
SRR5350199,-12.86610461,3.179619035,878.9657044,-144.4451152,601.4884918,0.049005517
SRR5350200,NA,4.066003683,264.4475526,NA,67.24482007,0.06019042
SRR5350201,NA,NA,NA,NA,NA,NA
SRR5350202,15.01187072,2.595198022,566.7002579,22.66500458,-32.32380027,-0.046495097
SRR5350203,0.861940941,4.576520085,474.1547667,-40.94863327,250.743044,-0.020748245
SRR5350204,NA,0.619050248,NA,-58.43697641,NA,NA
SRR5350205,-12.61869622,-2.548867152,-368.2981415,26.86840592,-135.9623941,NA
SRR5350206,-2.628876645,0.085411136,404.3484743,-5.496892649,-244.6316913,-0.010271866
SRR5350207,-4.546318065,-3.069115256,810.5708336,-33.3112494,-385.7152955,0.027188829
SRR5350208,NA,3.118610542,-1675.965741,-109.2972095,-124.9296753,-0.018374023
SRR5350209,-7.891388435,-8.255175969,-339.0721617,-84.50162118,-520.8554639,NA
SRR5350210,33.65239227,2.725700736,368.2100137,131.9359583,-297.762971,-0.000642995
SRR5350211,-6.436048182,-7.150199428,-456.2246134,-239.6100332,-247.1634743,NA
SRR5350212,0.613383728,0.5602771,-104.2523916,81.49403855,-141.7162381,NA
SRR5350213,NA,-2.572317927,NA,-222.3793554,204.9425734,-0.014570202
SRR5350214,NA,NA,NA,NA,NA,NA
SRR5350215,24.08306661,5.306956221,-577.4212171,109.3533532,-94.25895563,-0.030341561
SRR5350216,NA,NA,NA,NA,NA,NA
SRR5350217,NA,NA,NA,NA,NA,NA
SRR5350218,NA,NA,NA,NA,NA,NA
SRR5350219,NA,NA,NA,NA,NA,NA
SRR5350220,NA,NA,NA,NA,NA,NA
SRR5350221,NA,NA,NA,NA,NA,NA
SRR5350222,NA,NA,NA,NA,NA,NA
SRR5350223,NA,NA,NA,NA,NA,NA
SRR5350224,NA,NA,NA,NA,NA,NA
SRR5350225,NA,NA,NA,NA,NA,NA
SRR5350226,NA,NA,NA,NA,NA,NA
SRR5350227,NA,NA,NA,NA,NA,NA
SRR5350228,NA,NA,NA,NA,NA,NA
SRR5350229,NA,NA,NA,NA,NA,NA