TAXA,Fe,K,P,Zn,Ca,IP6
SRR5349774,NA,NA,NA,NA,NA,NA
SRR5349775,NA,NA,NA,NA,NA,NA
SRR5349776,NA,NA,NA,NA,NA,NA
SRR5349777,NA,NA,NA,NA,NA,NA
SRR5349778,NA,NA,NA,NA,NA,NA
SRR5349779,NA,NA,NA,NA,NA,NA
SRR5349780,NA,NA,NA,NA,NA,NA
SRR5349781,NA,NA,NA,NA,NA,NA
SRR5349782,NA,NA,NA,NA,NA,NA
SRR5349783,NA,NA,NA,NA,NA,NA
SRR5349784,NA,NA,NA,NA,NA,NA
SRR5349785,NA,NA,NA,NA,NA,NA
SRR5349786,NA,NA,NA,NA,NA,NA
SRR5349787,NA,NA,NA,NA,NA,NA
SRR5349788,NA,NA,NA,NA,NA,NA
SRR5349789,NA,NA,NA,NA,NA,NA
SRR5349790,NA,NA,NA,NA,NA,NA
SRR5349791,NA,NA,NA,NA,NA,NA
SRR5349792,NA,NA,NA,NA,NA,NA
SRR5349793,NA,NA,NA,NA,NA,NA
SRR5349794,NA,NA,NA,NA,NA,NA
SRR5349795,NA,NA,NA,NA,NA,NA
SRR5349796,NA,NA,NA,NA,NA,NA
SRR5349797,NA,NA,NA,NA,NA,NA
SRR5349798,NA,NA,NA,NA,NA,NA
SRR5349799,NA,NA,NA,NA,NA,NA
SRR5349800,NA,NA,NA,NA,NA,NA
SRR5349801,NA,NA,NA,NA,NA,NA
SRR5349802,NA,NA,NA,NA,NA,NA
SRR5349803,NA,NA,NA,NA,NA,NA
SRR5349804,NA,NA,NA,NA,NA,NA
SRR5349805,NA,NA,NA,NA,NA,NA
SRR5349806,NA,NA,NA,NA,NA,NA
SRR5349807,NA,NA,NA,NA,NA,NA
SRR5349808,NA,NA,NA,NA,NA,NA
SRR5349809,NA,NA,NA,NA,NA,NA
SRR5349810,NA,NA,NA,NA,NA,NA
SRR5349811,NA,NA,NA,NA,NA,NA
SRR5349812,NA,NA,NA,NA,NA,NA
SRR5349813,NA,NA,NA,NA,NA,NA
SRR5349814,NA,NA,NA,NA,NA,NA
SRR5349815,NA,NA,NA,NA,NA,NA
SRR5349816,NA,NA,NA,NA,NA,NA
SRR5349817,NA,NA,NA,NA,NA,NA
SRR5349818,NA,NA,NA,NA,NA,NA
SRR5349819,NA,NA,NA,NA,NA,NA
SRR5349820,NA,NA,NA,NA,NA,NA
SRR5349821,NA,NA,NA,NA,NA,NA
SRR5349822,NA,NA,NA,NA,NA,NA
SRR5349823,NA,NA,NA,NA,NA,NA
SRR5349824,NA,NA,NA,NA,NA,NA
SRR5349825,NA,NA,NA,NA,NA,NA
SRR5349826,NA,NA,NA,NA,NA,NA
SRR5349827,NA,NA,NA,NA,NA,NA
SRR5349828,NA,NA,NA,NA,NA,NA
SRR5349829,NA,NA,NA,NA,NA,NA
SRR5349830,NA,NA,NA,NA,NA,NA
SRR5349831,NA,NA,NA,NA,NA,NA
SRR5349832,NA,NA,NA,NA,NA,NA
SRR5349833,NA,NA,NA,NA,NA,NA
SRR5349834,NA,NA,NA,NA,NA,NA
SRR5349835,-2.807129482,-1040.32381,NA,-1.004434213,NA,0.01490091
SRR5349836,NA,NA,NA,NA,196.8516328,NA
SRR5349837,NA,NA,NA,NA,NA,NA
SRR5349838,NA,41.50655759,NA,NA,NA,0.03795788
SRR5349839,0.272757594,388.730403,-103.2896194,-3.347710744,120.0842542,NA
SRR5349840,7.85519826,415.0810131,48.53124281,1.979170501,-136.3723393,0.00396308
SRR5349841,0.80373526,820.6153165,92.25363897,1.899263675,-103.3733837,-0.0330244
SRR5349842,NA,NA,NA,NA,-109.467997,NA
SRR5349843,NA,NA,NA,NA,NA,NA
SRR5349844,NA,NA,NA,NA,NA,NA
SRR5349845,NA,NA,NA,NA,NA,NA
SRR5349846,NA,NA,NA,NA,NA,NA
SRR5349847,NA,-178.3866338,-185.0753602,NA,NA,0.00502696
SRR5349848,NA,NA,NA,NA,-48.77787733,NA
SRR5349849,-2.149342113,138.3023311,-29.601215,-2.363695633,NA,0.03541932
SRR5349850,NA,NA,NA,NA,-119.3733489,NA
SRR5349851,9.578190243,-170.2931376,13.44855443,1.190575378,NA,NA
SRR5349852,NA,NA,NA,NA,61.17901213,NA
SRR5349853,NA,NA,NA,NA,NA,NA
SRR5349854,NA,-397.5348767,10.82557014,0.917736637,NA,0.08518052
SRR5349855,8.506734993,672.1574461,297.7939286,3.53474485,234.7480545,NA
SRR5349856,6.488473524,646.5649898,-14.20409638,0.955962815,-19.94185475,NA
SRR5349857,NA,NA,NA,NA,NA,NA
SRR5349858,-14.33007766,794.9480588,613.3121699,-3.2932939,NA,NA
SRR5349859,4.504389848,-18.31143095,-259.5946214,-6.369147872,-140.1482197,NA
SRR5349860,NA,NA,NA,NA,-38.32146158,NA
SRR5349861,3.877685228,917.4591297,-93.76361842,-0.640704554,NA,NA
SRR5349862,NA,NA,NA,NA,-128.9552659,NA
SRR5349863,NA,NA,NA,NA,NA,NA
SRR5349864,NA,NA,NA,NA,NA,NA
SRR5349865,NA,NA,NA,NA,NA,NA
SRR5349866,NA,NA,NA,NA,NA,NA
SRR5349867,NA,NA,NA,NA,NA,NA
SRR5349868,NA,NA,NA,NA,NA,NA
SRR5349869,NA,NA,NA,NA,NA,NA
SRR5349870,NA,NA,NA,NA,NA,NA
SRR5349871,NA,NA,NA,NA,NA,NA
SRR5349872,NA,NA,NA,NA,NA,NA
SRR5349873,NA,NA,NA,NA,NA,NA
SRR5349874,NA,NA,NA,NA,NA,NA
SRR5349875,NA,NA,NA,NA,NA,NA
SRR5349876,NA,NA,NA,NA,NA,NA
SRR5349877,NA,NA,NA,NA,NA,NA
SRR5349878,NA,NA,NA,NA,NA,NA
SRR5349879,NA,NA,NA,NA,NA,NA
SRR5349880,NA,NA,NA,NA,NA,NA
SRR5349881,NA,NA,NA,NA,NA,NA
SRR5349882,NA,NA,NA,NA,NA,NA
SRR5349883,NA,NA,NA,NA,NA,NA
SRR5349884,NA,NA,NA,NA,NA,NA
SRR5349885,NA,NA,NA,NA,NA,NA
SRR5349886,NA,NA,NA,NA,NA,NA
SRR5349887,NA,NA,NA,NA,NA,NA
SRR5349888,NA,NA,NA,NA,NA,NA
SRR5349889,NA,NA,NA,NA,NA,NA
SRR5349890,NA,NA,NA,NA,NA,NA
SRR5349891,NA,NA,NA,NA,NA,NA
SRR5349892,NA,NA,NA,NA,NA,NA
SRR5349893,NA,NA,NA,NA,NA,NA
SRR5349894,NA,NA,NA,NA,NA,NA
SRR5349895,NA,NA,NA,NA,NA,NA
SRR5349896,NA,NA,NA,NA,NA,NA
SRR5349897,NA,NA,NA,NA,NA,NA
SRR5349898,NA,NA,NA,NA,NA,NA
SRR5349899,NA,NA,NA,NA,NA,NA
SRR5349900,NA,NA,NA,NA,NA,NA
SRR5349901,NA,NA,NA,NA,NA,NA
SRR5349902,NA,NA,NA,NA,NA,NA
SRR5349903,NA,NA,NA,NA,NA,NA
SRR5349904,NA,NA,NA,NA,NA,NA
SRR5349905,NA,NA,NA,NA,NA,NA
SRR5349906,NA,NA,NA,NA,NA,NA
SRR5349907,NA,NA,NA,NA,NA,NA
SRR5349908,NA,NA,NA,NA,NA,NA
SRR5349909,NA,NA,NA,NA,NA,NA
SRR5349910,NA,NA,NA,NA,NA,NA
SRR5349911,NA,NA,NA,NA,NA,NA
SRR5349912,NA,NA,NA,NA,NA,NA
SRR5349913,NA,NA,NA,NA,NA,NA
SRR5349914,NA,NA,NA,NA,NA,NA
SRR5349915,NA,NA,NA,NA,NA,NA
SRR5349916,NA,NA,NA,NA,NA,NA
SRR5349917,NA,NA,NA,NA,NA,NA
SRR5349918,NA,NA,NA,NA,NA,NA
SRR5349919,NA,NA,NA,NA,NA,NA
SRR5349920,NA,NA,NA,NA,NA,NA
SRR5349921,NA,NA,NA,NA,NA,NA
SRR5349922,NA,NA,NA,NA,NA,NA
SRR5349923,NA,NA,NA,NA,NA,NA
SRR5349924,NA,NA,NA,NA,NA,NA
SRR5349925,14.94092626,25.29915496,-442.4760322,3.015524929,NA,-0.0179552
SRR5349926,-2.943153797,-374.4966952,-30.84212217,-1.131687136,-15.35274361,0.01295492
SRR5349927,-6.098841376,-512.2704213,-328.14331,-3.162814764,-24.82798899,0.00696793
SRR5349928,0.822072924,-308.0762896,81.40149067,0.093527452,-54.50583958,NA
SRR5349929,NA,-178.4958895,-370.8153658,-1.596117559,-131.7286913,0.00372213
SRR5349930,5.03690743,510.5069978,311.6276703,-3.321135423,NA,0.00866999
SRR5349931,1.002190403,773.9782182,340.8439044,3.452054482,-57.8185398,NA
SRR5349932,2.645466854,407.5599841,645.3195219,4.328122741,-121.0977067,0.00803473
SRR5349933,NA,NA,NA,NA,-14.27393362,NA
SRR5349934,NA,NA,NA,NA,NA,NA
SRR5349935,-7.492151865,-491.5802809,-89.47837584,-6.029446334,NA,-0.0203551
SRR5349936,7.60938832,-141.45514,78.66395149,2.59609387,18.99217658,0.00981727
SRR5349937,NA,NA,NA,NA,-114.7093425,NA
SRR5349938,NA,NA,NA,NA,NA,NA
SRR5349939,NA,NA,NA,NA,NA,NA
SRR5349940,NA,NA,NA,NA,NA,NA
SRR5349941,14.46128775,731.0147798,-199.6105058,-0.179123419,NA,NA
SRR5349942,4.29320008,-614.6429145,175.6925029,NA,-140.6286485,NA
SRR5349943,15.23012975,1044.060146,-102.6223647,NA,NA,NA
SRR5349944,7.475078601,-620.5638106,-440.9646,0.095055564,265.7956876,-0.0355377
SRR5349945,-4.084161411,133.1247253,-145.3763388,-7.383242982,-54.20855508,NA
SRR5349946,10.00059992,-422.015599,-149.3278739,2.26582631,80.2174448,NA
SRR5349947,0.293824937,-193.4690288,129.4787342,-5.404247744,NA,-0.007226
SRR5349948,6.368513796,-86.85459523,348.687861,NA,170.2562696,NA
SRR5349949,-1.188965014,383.4389459,101.0417543,-3.454241118,11.73957825,0.00679016
SRR5349950,-5.534861451,-157.2015504,-173.4307087,1.348684735,-43.46058701,-0.0027171
SRR5349951,6.609006237,215.0378398,120.9114545,-2.402033497,NA,-0.0067788
SRR5349952,-5.256717566,-171.5499385,95.5635807,-4.236556752,-238.574804,-0.0160282
SRR5349953,NA,NA,NA,NA,-115.0469017,NA
SRR5349954,NA,325.4229006,-51.00773208,0.967371659,NA,NA
SRR5349955,2.088567123,-373.8207913,254.1942107,3.764403652,-38.12193428,NA
SRR5349956,-3.871662013,4.775645724,204.954866,-2.577712992,NA,-0.0108194
SRR5349957,-5.546801173,-654.5380835,-9.349281418,2.017544821,180.2222842,-0.024822
SRR5349958,-6.516578966,168.9885265,71.15431954,-5.149207426,14.29122925,0.00576189
SRR5349959,-1.289134579,213.6184874,-14.24909546,1.126537818,-168.4189698,0.01277658
SRR5349960,-7.176059632,-729.0424569,43.39681547,0.700498337,NA,NA
SRR5349961,-2.23042847,314.3725357,410.1933454,1.705822153,-22.34472502,-0.0223267
SRR5349962,4.700938914,-35.54477354,-143.5018587,-0.215174827,28.55948113,NA
SRR5349963,-3.02220688,271.2136681,NA,-0.025020871,-170.0712454,NA
SRR5349964,-3.923109762,377.5594802,148.2353828,-3.326169528,NA,0.07172574
SRR5349965,4.197684573,-231.1805555,18.15754733,1.368059194,NA,NA
SRR5349966,2.406233528,75.40030974,196.3401203,-0.631235789,-192.8892178,-0.0128857
SRR5349967,1.226063103,1495.294209,499.2278903,2.701226049,NA,0.00371308
SRR5349968,NA,NA,NA,NA,296.4901464,NA
SRR5349969,5.264783955,619.1414791,24.59196798,1.743250555,NA,NA
SRR5349970,NA,NA,NA,NA,NA,NA
SRR5349971,0.223706851,-121.8832045,NA,-0.445529544,NA,NA
SRR5349972,3.445540921,-288.7033234,-228.0946791,-0.317211339,NA,0.01287369
SRR5349973,-3.906507582,-323.8115456,-20.5813763,3.224606073,-77.11347934,-0.0078663
SRR5349974,-1.683272913,166.8950799,-353.7567305,-2.546495476,NA,0.04664276
SRR5349975,-8.967899355,-1414.922247,NA,-3.281098372,-90.26855893,-0.0731685
SRR5349976,-1.335993247,488.5929406,NA,3.88766815,-226.2473859,0.05100836
SRR5349977,-2.898135889,-262.5319437,18.2034854,-2.477048987,221.5905328,-0.028964
SRR5349978,-1.575624345,-700.4868422,-388.4905232,-1.662179984,209.750316,-0.0339503
SRR5349979,-5.344218304,126.039,32.55670049,-1.979136557,-103.2463576,0.00538063
SRR5349980,0.624074183,960.970958,NA,0.796214203,53.573574,NA
SRR5349981,-9.3185162,-245.9989646,-464.2516906,-4.064503632,-16.02170787,-0.0224847
SRR5349982,NA,NA,NA,NA,-105.8206351,NA
SRR5349983,0.488120924,-535.2294755,-45.07801284,0.501909976,NA,-0.0240971
SRR5349984,-3.01809385,117.8052107,-98.33292294,-0.243926941,-8.920773107,-0.0032592
SRR5349985,-4.177071902,380.9168894,74.11165426,-1.445396051,-124.0841596,NA
SRR5349986,NA,592.298089,703.884872,2.55435431,-44.78846415,NA
SRR5349987,14.12118095,-273.1562289,-292.1261152,7.523309496,-146.0006745,-0.0040234
SRR5349988,-2.756765877,72.7528973,105.570746,-2.658100177,-102.6579965,NA
SRR5349989,-8.3460649,NA,-61.0377298,NA,-84.53838741,-0.0185599
SRR5349990,2.928218526,-1331.859149,-64.39629647,1.961651704,53.98505915,-0.0079068
SRR5349991,6.254763034,-144.1732847,-179.33181,1.03948004,-56.90029738,NA
SRR5349992,2.029067931,1207.30689,407.082707,-0.387511745,-104.2106694,0.06387532
SRR5349993,-1.320546274,-613.9302538,-375.360942,-1.018875752,-81.13954329,-0.0610039
SRR5349994,6.187966845,80.22571244,214.1075206,NA,-41.26285064,-0.0032841
SRR5349995,-0.154752912,208.8214048,-107.5109241,-4.113431559,-165.1862957,0.01935617
SRR5349996,7.862814254,-559.3800083,-150.8135507,1.230393401,-58.52643641,0.00502076
SRR5349997,NA,NA,NA,2.076406498,-96.52893154,NA
SRR5349998,6.019265151,NA,-133.6454177,6.063090546,NA,0.01423751
SRR5349999,NA,NA,NA,NA,NA,NA
SRR5350000,NA,NA,NA,NA,NA,NA
SRR5350001,-4.267511588,-1281.780399,-139.4027524,-0.105974794,NA,-0.0073895
SRR5350002,NA,NA,NA,NA,365.0629823,NA
SRR5350003,NA,NA,NA,NA,NA,NA
SRR5350004,-1.788339873,701.4095899,132.0244575,-2.61667708,NA,NA
SRR5350005,-3.610588929,336.2878328,48.17894788,1.366170951,-161.4670893,-0.0063587
SRR5350006,NA,NA,NA,NA,-97.21305526,NA
SRR5350007,NA,NA,NA,NA,NA,NA
SRR5350008,NA,NA,NA,NA,NA,NA
SRR5350009,-0.277767563,283.5643391,-395.0941921,-0.254094643,,0.01586551
SRR5350010,-6.945210431,-37.88868392,-23.17112311,-5.319347614,135.0977062,0.02144863
SRR5350011,3.007831826,-17.99123275,488.0656263,4.2968185,-119.6685792,-0.016988
SRR5350012,1.495747506,-15.9569529,206.348681,3.387529901,-86.52906635,NA
SRR5350013,1.61882007,-534.32067,342.5767965,6.686550807,-44.58615938,-0.0124268
SRR5350014,10.03230029,-102.5653649,-280.71933,1.632632605,20.50544235,-0.0329798
SRR5350015,NA,421.1013338,402.5594475,4.86736825,-21.01847206,NA
SRR5350016,-0.374269253,-829.431704,NA,-2.041868477,31.79515456,-0.0168758
SRR5350017,-2.228592519,-609.8583665,NA,-5.902982938,NA,NA
SRR5350018,1.698366449,220.3678952,158.3231744,4.063153626,-211.1373165,-0.0276797
SRR5350019,NA,NA,NA,NA,-185.4196481,NA
SRR5350020,NA,319.1225635,43.30164011,0.781831034,NA,-0.0148071
SRR5350021,-2.147937391,-642.6521777,-91.249265,0.051976573,28.24826486,-0.0298158
SRR5350022,NA,NA,NA,NA,95.78766171,NA
SRR5350023,NA,96.8038796,88.6980528,NA,NA,NA
SRR5350024,7.806809665,433.670495,143.7036685,NA,73.41982475,-0.0097116
SRR5350025,1.119395088,-703.5317729,-136.92315,0.134261674,-85.48726439,NA
SRR5350026,-13.18447468,-809.5308265,NA,-5.222203944,-50.08882201,-0.0299365
SRR5350027,NA,741.4019078,471.2556045,1.134992308,NA,-0.0165495
SRR5350028,-15.0154939,-746.8017997,349.9571002,-3.775632786,NA,NA
SRR5350029,-9.614196052,-708.0282426,-36.95436398,0.003308453,NA,0.04919456
SRR5350030,-7.068920667,-1179.964306,-620.928765,-3.993347355,124.7944118,NA
SRR5350031,9.411618538,-261.3031375,-249.1886774,1.731977107,170.2732917,NA
SRR5350032,-0.836077148,-321.31699,-482.8184199,-1.43521431,-98.82818489,-0.0116181
SRR5350033,-1.978916661,-606.8551237,276.6346441,4.009809935,33.83864028,0.01929075
SRR5350034,-5.091251047,-384.3313748,-296.0247732,-1.923501421,248.4498435,NA
SRR5350035,-2.751043693,-483.8322427,-90.88193407,-2.877967376,-26.73389156,NA
SRR5350036,10.72486039,17.24226175,-577.949393,-3.87974716,70.57317314,-0.0082517
SRR5350037,-7.333199396,-291.6772143,127.6344709,-2.840156557,-167.235722,-0.0267929
SRR5350038,1.467323765,88.87617108,359.768289,0.643233519,-53.49027261,NA
SRR5350039,-4.231613918,-450.0920476,-0.561115626,-1.371958368,435.0806528,NA
SRR5350040,0.869302017,286.8990837,147.9419929,-0.650968205,NA,0.00083368
SRR5350041,8.026620459,346.7817814,NA,2.598966557,-132.5328087,NA
SRR5350042,12.72279346,105.6635596,-45.30622636,1.208547034,NA,-0.0275266
SRR5350043,7.259458451,-385.426273,-235.4851903,-1.761013421,353.0053411,NA
SRR5350044,NA,NA,NA,NA,-155.5855786,NA
SRR5350045,NA,NA,NA,NA,NA,NA
SRR5350046,NA,39.18177028,-285.3618345,3.032832383,NA,NA
SRR5350047,NA,1328.978392,53.95768249,5.321072749,-59.93892781,0.02545192
SRR5350048,2.177758048,943.5770359,109.7223111,NA,108.6822525,-0.0198658
SRR5350049,11.9116876,570.1139663,-97.12931932,2.195402744,NA,0.02294247
SRR5350050,NA,-170.5130685,16.895189,3.479289472,NA,-0.0074407
SRR5350051,-6.146502406,1128.518857,211.7921602,-2.411650298,-133.3883973,-0.0124628
SRR5350052,-7.093029793,-537.9712362,-247.4045233,-3.892136492,NA,NA
SRR5350053,NA,NA,NA,NA,-85.30748109,NA
SRR5350054,NA,-487.7637989,47.08846244,4.218510826,NA,0.02156654
SRR5350055,-0.921502655,-204.116176,218.4741245,-5.644355098,NA,-0.0028114
SRR5350056,-2.54926835,-513.1197448,-7.771530521,-1.638857467,128.7504376,0.00526409
SRR5350057,-5.157897863,665.0178466,200.6455245,-2.549006948,-199.2530126,0.01269705
SRR5350058,4.143998924,554.2524411,220.7292336,0.19890738,6.140026325,0.00452611
SRR5350059,-1.648770591,621.0113376,-255.6462914,-0.732011548,120.8698471,-0.006067
SRR5350060,6.598097622,1796.071475,NA,0.327780329,-130.1616596,-0.0058685
SRR5350061,NA,1631.301289,723.1784389,4.795238817,NA,0.00633025
SRR5350062,8.043671053,-249.041839,-539.9716333,2.098059163,337.5554801,NA
SRR5350063,-4.056660521,-482.1544606,3.885007772,-4.42024174,-32.28155874,NA
SRR5350064,NA,262.2310124,233.7748937,2.530837713,45.95918639,NA
SRR5350065,17.34979515,-345.7057144,60.62737004,3.778612713,83.86888544,NA
SRR5350066,-8.675609808,-127.0155963,112.1753201,-1.639384953,110.2607086,0.01016613
SRR5350067,1.407327142,523.7074442,91.36727557,2.823838127,-141.2554791,-0.024325
SRR5350068,NA,-762.1285309,-289.2655981,0.421496994,185.1861863,-0.0212624
SRR5350069,-8.774214872,-436.2770189,-6.067056759,-3.475061448,76.88163861,NA
SRR5350070,1.686878179,-318.9277066,-185.2141283,-2.300054765,-4.281730525,NA
SRR5350071,NA,-337.8094459,67.22900052,2.974306835,-162.123468,NA
SRR5350072,10.16603433,-39.5303131,-180.7106756,-2.376901727,-101.5413542,-0.0134868
SRR5350073,1.547782496,192.981241,431.4362914,-1.236691654,74.81953328,-0.0093802
SRR5350074,16.59537232,-73.78987708,-439.9536801,7.221158862,125.1242556,0.00186049
SRR5350075,-0.786479989,-312.7523594,-132.4083423,0.10787117,191.7867287,NA
SRR5350076,1.070227745,-241.8582542,46.01270366,-1.156010543,75.82394053,0.00955468
SRR5350077,8.451207967,-8.690487705,49.8951009,2.445068065,-67.06250283,0.03269291
SRR5350078,0.630595881,331.2860055,-50.56379453,-1.305893344,-3.792140996,0.06310344
SRR5350079,-17.54744171,-1188.355909,-243.1162029,-6.053337241,30.49633404,0.04780211
SRR5350080,NA,NA,NA,NA,NA,NA
SRR5350081,-1.802892611,NA,NA,NA,NA,NA
SRR5350082,NA,NA,NA,NA,-28.36814928,NA
SRR5350083,4.064020719,-285.2997893,65.83076222,1.13904374,NA,0.02826659
SRR5350084,-0.977882977,21.47475542,249.3172575,3.778163311,104.0257643,0.01383195
SRR5350085,-5.07926804,14.18537419,385.961104,-3.73851509,280.1922145,0.02505488
SRR5350086,1.720233795,557.2316519,-40.7676431,0.542803408,-81.27749152,0.00660611
SRR5350087,2.56145667,-316.8611868,29.35507137,3.056487055,-135.0268741,0.03040467
SRR5350088,NA,NA,NA,NA,128.1744068,NA
SRR5350089,-5.488129227,-1155.947684,555.4654535,0.23529196,NA,NA
SRR5350090,3.090702615,650.3984511,-441.2958832,2.922721774,NA,NA
SRR5350091,NA,NA,549.9870218,4.502955626,8.045830118,-0.0851374
SRR5350092,1.44651004,421.5665472,5.468254935,1.421871815,155.490251,-0.0212778
SRR5350093,NA,NA,NA,NA,NA,NA
SRR5350094,2.733786418,-907.1608711,-17.7098177,NA,NA,-0.0079758
SRR5350095,4.421099129,-800.5926309,-568.1486866,0.60163599,258.8223121,NA
SRR5350096,NA,57.98733369,NA,5.166453475,-157.6098822,NA
SRR5350097,1.792131685,108.9080976,-152.3154437,-1.15755017,NA,0.00918066
SRR5350098,3.851863657,1014.743321,NA,5.480314148,-266.3775218,-0.0030477
SRR5350099,-1.262352223,-84.76147483,-312.1365552,-2.910876142,-63.70134917,NA
SRR5350100,NA,NA,NA,NA,-85.90518166,NA
SRR5350101,1.895405764,-238.7214116,274.6975546,1.205467111,NA,-0.0241135
SRR5350102,1.742504668,558.4998732,504.6501408,3.907623708,140.1471628,-0.0323852
SRR5350103,-7.209340298,-278.8469915,115.6585781,-2.033619657,45.6503728,-0.0102486
SRR5350104,2.577011967,479.6788583,311.5516443,-0.548193715,NA,0.00957695
SRR5350105,NA,NA,NA,NA,131.1372521,NA
SRR5350106,-2.632678931,-228.2888062,-352.9370039,-3.77190591,NA,0.02709973
SRR5350107,-2.099244454,-174.3123135,-154.1823519,0.82064925,64.43459537,-0.0115365
SRR5350108,NA,-14.48988676,-120.8746265,3.658280999,102.2167346,-0.0369227
SRR5350109,-5.517833447,148.4837165,-81.46990864,-1.723421903,87.8913061,0.02857682
SRR5350110,2.640454759,325.1171788,-164.9241641,-1.82438679,-168.3398989,-0.0128511
SRR5350111,-3.385568687,606.3370875,415.0146263,2.335121934,277.1970103,0.01644198
SRR5350112,NA,NA,NA,NA,162.542331,NA
SRR5350113,2.083675408,103.7643881,154.3113681,2.831352153,NA,-0.0101602
SRR5350114,-5.146149339,477.215173,99.85730154,-3.103581054,NA,0.05511763
SRR5350115,-6.40916002,693.6969979,54.88109741,-2.039342872,NA,0.0059488
SRR5350116,-5.413708014,-432.9064945,-298.8198597,-1.212691283,-119.6000806,-0.0279131
SRR5350117,NA,-55.53559191,19.94592172,4.919993791,-110.5512373,-0.0411314
SRR5350118,-11.06964727,-320.2809292,-28.2424966,-6.82068925,-10.48441999,NA
SRR5350119,-5.534107364,174.866501,222.4214952,-1.453729727,-54.93913819,NA
SRR5350120,NA,NA,NA,NA,-59.00505402,NA
SRR5350121,8.738349416,326.5778962,252.493754,3.258099645,NA,0.02277017
SRR5350122,6.286911549,923.7053004,111.5143874,4.539916835,NA,NA
SRR5350123,0.312144317,-729.627898,101.8645734,3.333870453,-111.4352148,-0.0184085
SRR5350124,NA,NA,NA,NA,62.51921934,-0.0019254
SRR5350125,8.019611436,-809.6772567,-250.3144037,0.910429637,-19.71263903,-0.0318699
SRR5350126,8.8915332,-813.2582864,3.640894422,0.72540834,-74.08302944,0.00970611
SRR5350127,NA,575.9603378,213.4154798,NA,155.3108518,NA
SRR5350128,NA,-233.3515441,-271.549192,2.125871804,131.063235,NA
SRR5350129,8.981386327,1203.525799,129.5736667,1.703409944,78.65018563,NA
SRR5350130,NA,-25.13495203,-229.5679399,1.09272432,-170.1444453,-0.0269272
SRR5350131,NA,38.52334892,-147.9087819,0.906653783,42.51514957,-0.0025795
SRR5350132,NA,NA,NA,NA,4.53437697,NA
SRR5350133,NA,-636.7214026,-333.5221282,1.108203937,NA,0.04712106
SRR5350134,-7.838497944,537.000803,73.01072337,-0.835653931,7.070802102,-0.023401
SRR5350135,-12.29656614,-522.4612615,-181.9762508,-7.390860851,300.1470332,NA
SRR5350136,-0.709076074,-979.88632,-250.5827141,-1.031881929,-12.61997547,0.03859639
SRR5350137,-6.994048496,12.5539121,144.383109,-2.068904415,-104.5784093,NA
SRR5350138,3.007308796,462.7318127,104.8376972,NA,-5.638093987,0.02120073
SRR5350139,NA,NA,NA,NA,NA,NA
SRR5350140,-6.335012968,182.8413499,-237.6029084,-4.759413489,NA,NA
SRR5350141,NA,-98.73649866,-358.1759245,4.665982272,-62.61822794,0.01732669
SRR5350142,-4.428481372,-805.2639221,-271.5335733,0.670936302,0.83424965,NA
SRR5350143,-0.04560367,516.0921762,193.7679057,1.792910077,207.7150656,NA
SRR5350144,7.278412064,-1190.914218,-129.2869971,5.13187952,NA,-0.0106816
SRR5350145,2.010651726,-866.3139405,29.67442356,5.162399576,85.91155649,0.00388456
SRR5350146,2.31073084,218.1457145,-85.03197149,-3.154648796,270.857264,0.02615976
SRR5350147,-9.270188602,245.1904186,167.2936986,-2.361744686,-167.3657922,-0.0159488
SRR5350148,0.517379783,1275.638566,593.4446354,-1.277378123,-182.0928854,0.00760223
SRR5350149,-9.455234638,535.9236406,433.4072285,-1.885631818,-165.2111075,0.03304214
SRR5350150,-7.341345357,-32.35181307,31.3786975,-1.830150782,-20.56180015,NA
SRR5350151,NA,-178.4638463,-325.368501,0.043862263,-44.59887405,NA
SRR5350152,-5.995628249,-334.2757541,-230.9969569,-0.00417794,70.32600474,-0.0048119
SRR5350153,NA,184.3654138,-115.3809338,0.156082508,NA,-0.0299509
SRR5350154,-6.930799734,406.0881146,-135.9238287,-4.313096771,-242.3351838,NA
SRR5350155,-15.41806768,-386.8489536,90.76670748,NA,-109.390506,0.01975116
SRR5350156,-4.163246225,-232.0604137,-671.2903404,-2.691225267,150.7088302,NA
SRR5350157,0.229490612,-321.8273569,-567.5461931,-0.39726473,308.678153,-0.0107361
SRR5350158,NA,NA,NA,2.06231068,320.9890879,NA
SRR5350159,-6.619868667,-1565.831201,NA,-4.01647795,100.2102895,0.00029723
SRR5350160,-1.045831107,161.3949739,-105.1397006,-0.183822427,-23.68876355,-0.0413326
SRR5350161,4.199389875,243.2193034,-91.88514339,0.5153633,-211.991547,-0.0437217
SRR5350162,-12.1024365,-678.9248862,-384.5917356,-1.881613873,-11.16844039,0.02044772
SRR5350163,9.330174737,-400.3963192,-231.371265,-2.574619695,-87.75370006,0.00203209
SRR5350164,7.343845349,163.9168113,-267.9227037,4.365712173,-175.4679889,-0.0027068
SRR5350165,NA,-423.0450809,-224.9408929,-2.342789214,125.0705688,-0.0100232
SRR5350166,-3.404783997,557.8047423,-121.2621403,-1.713261113,-64.98681185,NA
SRR5350167,NA,NA,NA,NA,-15.37102407,NA
SRR5350168,-2.021432141,-86.9212713,107.7259876,-1.782844904,NA,-0.0059557
SRR5350169,-4.548590183,404.5308949,51.67409282,-2.036765848,-12.91744439,NA
SRR5350170,-2.926260106,421.6572242,79.36146146,-1.974540271,-81.9410256,0.02597502
SRR5350171,-9.629182872,NA,NA,NA,-112.0707218,0.0495722
SRR5350172,NA,104.9511718,-182.9747872,-0.557340738,-237.9641206,-0.0195101
SRR5350173,0.077405079,-220.8331708,-185.9183858,3.097756485,190.4081716,0.01479169
SRR5350174,17.17973357,-39.04493545,-169.5086171,7.954463448,54.71025289,-0.0117916
SRR5350175,5.982868402,427.6409382,-207.9599901,1.187610372,-109.7782526,NA
SRR5350176,-8.196255901,316.3587351,119.6209197,-1.737841337,-159.9027403,0.06008711
SRR5350177,3.242762918,56.29957071,138.4945206,-1.478152497,40.68262002,0.00899291
SRR5350178,NA,NA,NA,NA,69.45725643,NA
SRR5350179,4.002760372,1206.236424,432.7508992,6.02144281,NA,NA
SRR5350180,2.386767017,-448.8109012,-155.9219392,0.105396069,1.94011782,-0.0061506
SRR5350181,4.601767507,1147.168199,599.5024135,-0.300668247,27.75477915,NA
SRR5350182,6.988640701,-536.3991231,39.23598856,1.261929889,273.3591424,0.00448528
SRR5350183,0.728658694,-64.68351449,-165.7677733,-4.337473773,NA,-0.0096939
SRR5350184,3.52910882,-206.319257,257.4348001,1.952100759,153.3561046,-0.0103838
SRR5350185,4.855888588,334.2230877,387.3913586,1.710963156,-74.11188278,-0.0191018
SRR5350186,-1.999973915,618.1150686,-146.0602089,0.98378764,3.873311441,NA
SRR5350187,-8.900809608,-686.620764,-152.9083088,-7.697201982,-65.42489747,NA
SRR5350188,NA,954.0567677,-266.6291624,-0.573499213,37.34741592,-0.044303
SRR5350189,7.461169961,-535.7868458,57.81171484,9.304520706,12.21795143,NA
SRR5350190,6.579653666,-188.97883,180.591038,4.372664156,176.6527754,-0.0047175
SRR5350191,6.140021556,332.4058215,138.7207862,1.91489541,-149.2111624,NA
SRR5350192,NA,NA,NA,NA,-31.21142365,NA
SRR5350193,-0.086401992,-49.51482326,-308.5587997,-4.003115981,NA,0.00338483
SRR5350194,3.97665301,333.9903226,-43.81565289,-0.791328799,-154.4259069,0.03358194
SRR5350195,-7.411837508,161.5629186,-107.2331799,-3.928665539,54.2220912,NA
SRR5350196,-2.607523822,-74.14808938,10.51517996,0.1247098,198.4915034,NA
SRR5350197,-5.026720898,31.92929238,-246.1080689,-0.028808903,88.29769712,-0.0112082
SRR5350198,NA,NA,160.5763974,NA,34.74161838,NA
SRR5350199,-8.985568152,900.8861513,576.1239223,3.914270839,170.3536916,0.04900552
SRR5350200,NA,318.5533105,75.58127416,4.685016481,-93.21519787,0.06019042
SRR5350201,NA,NA,NA,NA,NA,NA
SRR5350202,12.98657731,571.2132962,-14.62323623,3.803729438,NA,-0.0464951
SRR5350203,2.294154334,483.1645555,233.1955337,4.889174668,26.34996304,-0.0207482
SRR5350204,NA,NA,NA,NA,-40.95483802,NA
SRR5350205,-8.630585177,-379.7636765,-119.9918735,-2.645809071,-39.24769649,NA
SRR5350206,-0.54164546,428.9593992,-224.4359102,0.16879692,6.11805118,-0.0102719
SRR5350207,-2.375156616,799.7685747,-332.2327193,-2.872546433,2.735346753,0.02718883
SRR5350208,NA,-1709.882543,-100.4071149,NA,-32.58234704,-0.018374
SRR5350209,-5.144355321,-352.4620884,-489.7072637,-7.795870644,-72.01712197,NA
SRR5350210,NA,444.7725917,-256.6207018,3.055713309,-80.19250719,-0.000643
SRR5350211,-4.028679473,-480.2603878,-221.543119,-6.9361127,142.7967012,NA
SRR5350212,1.318355455,-106.3561018,-130.8784579,1.63323116,-230.5444583,NA
SRR5350213,NA,NA,268.5494946,-2.76867996,58.46380174,-0.0145702
SRR5350214,NA,NA,NA,NA,-258.1432836,NA
SRR5350215,NA,-565.8044754,-69.19019374,5.589731567,NA,-0.0303416
SRR5350216,NA,NA,NA,NA,100.4382768,NA
SRR5350217,NA,NA,NA,NA,NA,NA
SRR5350218,NA,NA,NA,NA,NA,NA
SRR5350219,NA,NA,NA,NA,NA,NA
SRR5350220,NA,NA,NA,NA,NA,NA
SRR5350221,NA,NA,NA,NA,NA,NA
SRR5350222,NA,NA,NA,NA,NA,NA
SRR5350223,NA,NA,NA,NA,NA,NA
SRR5350224,NA,NA,NA,NA,NA,NA
SRR5350225,NA,NA,NA,NA,NA,NA
SRR5350226,NA,NA,NA,NA,NA,NA
SRR5350227,NA,NA,NA,NA,NA,NA
SRR5350228,NA,NA,NA,NA,NA,NA
SRR5350229,NA,NA,NA,NA,NA,NA