taxa,Species,PC1,PC2,PC3
SRR5349774,P. fulvum,-163.5843778,-111.9774499,15.70085985
SRR5349775,P. fulvum,-164.9009531,-112.3457157,15.49963767
SRR5349776,P. fulvum,-154.9118721,-105.1073115,15.51622859
SRR5349777,P. fulvum,-163.9297943,-111.9991765,15.3615383
SRR5349778,P. fulvum,-160.8810786,-107.952756,14.47404348
SRR5349779,P. fulvum,-162.0692646,-108.3093555,13.60486777
SRR5349780,P. fulvum,-156.8183507,-104.9118922,13.7384985
SRR5349781,P. fulvum,-158.9018374,-107.5165603,14.23622871
SRR5349782,P. fulvum,-160.5350364,-108.0506537,13.83186008
SRR5349783,P. fulvum,-154.2021018,-105.3001567,16.07600224
SRR5349784,P. fulvum,-163.8753255,-112.0374025,15.41322638
SRR5349785,P. fulvum,-153.6871921,-103.3228884,13.46481126
SRR5349786,P. fulvum,-153.7086139,-103.319586,13.6559423
SRR5349787,P. fulvum,-163.6958379,-112.1717814,16.10992767
SRR5349788,P. fulvum,-161.8972122,-107.481771,13.62477835
SRR5349789,P. fulvum,-161.4144256,-107.0266882,14.32622033
SRR5349790,P. fulvum,-158.3354485,-105.5727431,14.18012302
SRR5349791,P. fulvum,-160.0830053,-108.3790666,14.45290621
SRR5349792,P. fulvum,-159.4217736,-106.2372842,13.36237641
SRR5349793,P. fulvum,-162.7629624,-107.955878,14.0163068
SRR5349794,P. fulvum,-163.9362372,-107.6918844,13.56140892
SRR5349795,P. fulvum,-153.4911902,-103.5482219,13.92612478
SRR5349796,P. fulvum,-135.0390955,-94.76698973,12.98359462
SRR5349797,P. fulvum,-140.920031,-97.50378096,13.62802626
SRR5349798,P. fulvum,-150.7480898,-103.2884588,13.95752279
SRR5349799,P. sativum,-9.665562039,45.56535874,4.290414047
SRR5349800,P. sativum,-13.01373653,49.63259983,8.085375016
SRR5349801,P. sativum,16.58582759,16.46282557,-0.959740508
SRR5349802,P. sativum,-1.835169931,35.33065094,1.145667342
SRR5349803,P. sativum,30.38862395,-3.953135137,0.53819918
SRR5349804,P. sativum,3.72983338,25.39920859,3.524583033
SRR5349805,P. sativum,5.498424505,28.35619662,6.096838551
SRR5349806,P. sativum,41.31638636,-20.50033855,17.55947636
SRR5349807,P. sativum,-0.223066871,33.87542064,0.360070366
SRR5349808,P. sativum,-78.8212757,113.1911654,31.66983819
SRR5349809,P. sativum,-76.50420959,109.6409239,30.66638333
SRR5349810,P. sativum,-15.30123131,50.1311834,8.969079403
SRR5349811,P. sativum,-5.909651642,41.43839918,2.61490697
SRR5349812,P. sativum,-23.05030295,54.51807132,5.650509934
SRR5349813,P. sativum,-5.124810119,39.24611074,1.735295648
SRR5349814,P. sativum,22.84301236,11.22578204,-7.341132503
SRR5349815,P. sativum,-31.52626362,65.13284568,7.145656077
SRR5349816,P. sativum,-19.63953971,54.98160879,7.473924226
SRR5349817,P. sativum,-28.10634873,43.37677898,-3.931861104
SRR5349818,P. sativum,-7.547045599,42.59554306,5.932731666
SRR5349819,P. sativum,-6.984849799,41.8259106,5.961636134
SRR5349820,P. sativum,-6.285880631,41.43977403,4.966273253
SRR5349821,P. sativum,-40.75987938,78.1857975,18.70382736
SRR5349822,P. sativum,-28.73177764,62.70593685,23.16225599
SRR5349823,P. sativum,-6.820560563,41.1899052,5.276695702
SRR5349824,P. sativum,-62.05351664,92.64578841,20.1330796
SRR5349825,P. sativum,-32.86033565,67.58187633,11.2303727
SRR5349826,P. sativum,-39.85273235,76.551776,14.14588208
SRR5349827,P. sativum,-0.093931219,34.56822616,-2.119085526
SRR5349828,P. sativum,-87.90772963,118.5803078,33.87725793
SRR5349829,P. sativum,-26.53558592,62.34531909,8.630053486
SRR5349830,P. sativum,14.58340751,19.95194421,-3.422932
SRR5349831,P. sativum,-50.68743591,82.43111489,15.90396573
SRR5349832,P. sativum,-48.99437304,82.73388657,19.66019698
SRR5349833,P. sativum,1.502560125,29.24882985,-0.28561489
SRR5349834,P. sativum,41.73345988,-16.49466453,34.22582647
SRR5349835,P. sativum,37.2092374,-13.20237681,2.480114053
SRR5349836,P. sativum,-74.56344308,-10.0967479,-12.31080787
SRR5349837,P. sativum,-59.09491763,-0.473786444,-11.74942315
SRR5349838,P. sativum,36.84980342,-8.238560629,-6.998865738
SRR5349839,P. sativum,34.05622113,-7.468221778,-8.702408758
SRR5349840,P. sativum,36.88287391,-8.103164274,-7.418421691
SRR5349841,P. sativum,35.22087383,-8.03804472,-7.88999465
SRR5349842,P. sativum subsp. elatius,-95.24871122,-28.6672743,-9.402596569
SRR5349843,P. sativum subsp. elatius,-92.52482734,-28.0327502,-8.994317888
SRR5349844,P. sativum,-58.16889118,7.400645758,-18.04369781
SRR5349845,P. sativum,-50.45542167,17.83335905,-22.92081865
SRR5349846,P. sativum,-48.80290557,16.52831184,-23.76699403
SRR5349847,P. sativum,-94.7723875,122.9124173,33.23731498
SRR5349848,P. sativum,39.73354079,-12.81197074,20.31119138
SRR5349849,P. sativum subsp. elatius,28.54210013,-3.59446742,-14.67925886
SRR5349850,P. sativum subsp. elatius,-13.28761137,10.88953232,-40.75251995
SRR5349851,P. sativum subsp. elatius,-25.61869063,15.40790898,-33.07323138
SRR5349852,P. sativum subsp. elatius,12.59399564,0.771743932,-36.88984182
SRR5349853,P. sativum subsp. abyssinicum,-96.95367018,-27.63663187,-10.24049075
SRR5349854,P. sativum,-21.56647132,21.28202785,-30.25463926
SRR5349855,P. sativum subsp. elatius,-27.45079715,15.63142533,-32.37860963
SRR5349856,P. sativum subsp. elatius,-23.77130609,11.4758881,-27.31057405
SRR5349857,P. sativum subsp. elatius,-12.85588375,9.161226162,-21.10912922
SRR5349858,P. sativum subsp. elatius,5.955733801,-12.35989523,-2.338198043
SRR5349859,P. sativum,24.12178552,-7.88482546,-9.572865879
SRR5349860,P. sativum,-2.704673122,9.316627076,-84.35612687
SRR5349861,P. sativum,6.854789096,2.839155997,-57.61458497
SRR5349862,P. sativum subsp. elatius,-11.17952009,5.485120182,-18.32814126
SRR5349863,P. sativum,46.83953283,-22.11817976,49.47844861
SRR5349864,OSU,43.13180476,-18.09185309,57.75448325
SRR5349865,OSU,43.52189936,-18.02987533,51.85514842
SRR5349866,OSU,40.45413118,-15.01715269,52.30960084
SRR5349867,OSU,42.92705507,-17.55016294,53.66693875
SRR5349868,OSU,43.90225435,-19.4219098,60.5296197
SRR5349869,OSU,43.7968451,-18.05241315,47.96889878
SRR5349870,OSU,42.14021292,-18.45126227,52.65302234
SRR5349871,OSU,35.69940855,-14.11788882,38.05988429
SRR5349872,OSU,43.2755225,-19.26077417,57.52853714
SRR5349873,OSU,36.28690449,-13.81356429,37.31785337
SRR5349874,OSU,45.89885382,-21.46508657,45.1741593
SRR5349875,OSU,42.51880464,-15.40251843,55.33759852
SRR5349876,OSU,42.60778536,-15.02681543,52.32227146
SRR5349877,OSU,41.08718222,-15.10435897,50.06387754
SRR5349878,OSU,39.73132565,-14.8245602,37.52942122
SRR5349879,OSU,42.25340677,-14.19067885,47.8716071
SRR5349880,OSU,41.73982343,-17.76033918,40.41869656
SRR5349881,OSU,43.33346243,-16.06484275,31.80848553
SRR5349882,OSU,39.8643447,-14.13541822,31.156121
SRR5349883,OSU,40.49665766,-14.94902666,29.91988477
SRR5349884,OSU,43.82956313,-18.42336889,60.47254962
SRR5349885,OSU,43.27277021,-18.51225157,62.27176337
SRR5349886,OSU,44.674406,-19.51802077,52.83621457
SRR5349887,OSU,41.84813099,-18.17425835,57.4792541
SRR5349888,OSU,45.08650845,-19.10236631,62.78572243
SRR5349889,OSU,43.50154957,-18.95138,62.3685354
SRR5349890,OSU,43.04157872,-17.95004885,57.5416823
SRR5349891,OSU,43.85118912,-18.66896834,58.99978394
SRR5349892,OSU,43.68666692,-18.30275922,58.47339562
SRR5349893,OSU,45.86765095,-19.08402942,46.21210225
SRR5349894,USDA-ARS,37.7107035,-13.05687202,12.71814243
SRR5349895,USDA-ARS,36.10864472,-14.11526893,0.619556679
SRR5349896,USDA-ARS,32.65438385,-11.39765401,1.295206948
SRR5349897,USDA-ARS,-3.093770535,-34.59406099,10.49924327
SRR5349898,USDA-ARS,35.78953204,-14.1734511,0.16632667
SRR5349899,USDA-ARS,37.3686227,-17.26336151,7.920216303
SRR5349900,USDA-ARS,40.02935707,-17.80543272,4.657731715
SRR5349901,USDA-ARS,22.68032308,-6.613559362,-13.78835593
SRR5349902,USDA-ARS,39.39721149,-17.48555015,2.365231848
SRR5349903,USDA-ARS,27.18881585,-9.365365451,-8.231309246
SRR5349904,USDA-ARS,43.00983815,-17.93092767,16.66566088
SRR5349905,USDA-ARS,40.24994818,-17.2277135,11.44412918
SRR5349906,USDA-ARS,42.7836292,-17.57565828,15.6895186
SRR5349907,USDA-ARS,42.79134355,-17.93514719,16.86618763
SRR5349908,USDA-ARS,40.16667076,-17.17572461,22.20537581
SRR5349909,USDA-ARS,41.14838746,-18.20761739,15.07421312
SRR5349910,USDA-ARS,20.17193016,4.340840779,8.966252726
SRR5349911,USDA-ARS,35.64785,-15.383482,10.98714409
SRR5349912,USDA-ARS,40.11243787,-17.3129597,5.859207233
SRR5349913,USDA-ARS,41.44653161,-17.83063536,23.88035682
SRR5349914,USDA-ARS,42.60123355,-18.64290568,25.62500183
SRR5349915,USDA-ARS,39.23144825,-17.63120369,12.56518141
SRR5349916,USDA-ARS,42.91372879,-19.52990364,16.92420629
SRR5349917,USDA-ARS,42.11746973,-16.75136044,28.76195237
SRR5349918,USDA-ARS,37.46526347,-16.65264542,1.770400828
SRR5349919,USDA-ARS,41.75409047,-18.49043862,23.50099622
SRR5349920,USDA-ARS,40.57354952,-16.0624133,12.18273965
SRR5349921,USDA-ARS,38.32400145,-14.38423801,15.1215152
SRR5349922,USDA-ARS,38.72303028,-16.79801538,9.726793965
SRR5349923,USDA-ARS,37.44638048,-15.26912397,-0.527081172
SRR5349924,USDA-ARS,43.12740539,-19.79641887,18.44818104
SRR5349925,P. sativum,-1.069220944,9.547699573,-76.81413372
SRR5349926,P. sativum,11.19683539,-0.236094409,-54.06415373
SRR5349927,P. sativum,6.92128271,3.961647801,-46.99360473
SRR5349928,P. sativum,11.0444912,0.26446529,-55.16882102
SRR5349929,P. sativum subsp. elatius,6.662736932,2.107432127,-15.44685891
SRR5349930,P. sativum,-87.97055968,120.1203132,32.0505035
SRR5349931,P. sativum,-90.68124554,117.5633191,28.67621898
SRR5349932,P. sativum,-94.46076963,127.3284956,33.27737082
SRR5349933,P. sativum,-49.48817662,18.27381447,-24.58983132
SRR5349934,P. sativum,-57.88205287,7.102804427,-17.00176865
SRR5349935,USDA-ARS,33.86090095,-11.09212433,3.846490326
SRR5349936,P. sativum,39.9844294,-18.05976595,4.553225465
SRR5349937,P. sativum,-100.149807,-37.11019597,-9.368266552
SRR5349938,P. sativum subsp. elatius,-88.74089221,-22.5520497,-11.69093534
SRR5349939,P. sativum subsp. elatius,-5.247658509,-7.497038348,-16.3149087
SRR5349940,P. sativum subsp. elatius,-37.54116277,-14.83854704,-23.21033189
SRR5349941,P. sativum,19.43106036,-4.185402869,-21.08308701
SRR5349942,P. sativum,11.12909627,-0.796616109,-24.53483335
SRR5349943,P. sativum,-3.334000036,10.06163662,-68.77792117
SRR5349944,P. sativum,-8.9798356,21.23843788,-56.42887044
SRR5349945,P. sativum subsp. sativum - Primary,30.72161886,-5.887635746,-14.44175462
SRR5349946,P. sativum,-7.939099189,18.12456575,-51.76388074
SRR5349947,P. sativum subsp. elatius,-27.41699862,17.91753096,-34.25430127
SRR5349948,P. sativum,-88.48962847,-19.42504636,-12.48643219
SRR5349949,P. sativum subsp. sativum - Primary,36.70566511,-11.36838534,-1.250226716
SRR5349950,P. sativum subsp. sativum - Primary,27.68573189,-2.61116052,-14.99033352
SRR5349951,P. sativum,18.24231645,-3.53071744,-23.75608742
SRR5349952,P. sativum,28.50415883,-7.066341287,-27.05028877
SRR5349953,P. sativum subsp. sativum - Primary,45.74332561,-21.39473924,38.28443787
SRR5349954,P. sativum,13.84792603,-1.645164675,-31.56922527
SRR5349955,P. sativum,47.25561563,-21.86553029,37.14059186
SRR5349956,P. sativum,-2.279550881,8.845194955,-83.85220395
SRR5349957,P. sativum,21.01649913,-3.167049474,-24.02328802
SRR5349958,P. sativum,16.53860857,-0.949515248,-38.9815211
SRR5349959,P. sativum,-10.83953164,34.71671175,-3.259493559
SRR5349960,P. sativum subsp. sativum - Primary,44.99573782,-21.64812867,27.93819178
SRR5349961,P. sativum subsp. sativum - Primary,50.28802662,-22.96849638,47.77632952
SRR5349962,P. sativum,35.48871625,-10.75324665,-15.78855764
SRR5349963,P. sativum subsp. sativum - Primary,35.031696,-15.89433917,22.39997053
SRR5349964,P. sativum subsp. sativum - Primary,46.31471524,-21.90656251,35.64435639
SRR5349965,P. sativum subsp. sativum - Primary,35.34149505,-11.34638869,-16.05041452
SRR5349966,P. sativum subsp. sativum - Primary,47.11945952,-21.60884103,45.29352119
SRR5349967,P. sativum subsp. sativum - Primary,48.24345327,-22.60895399,45.75206526
SRR5349968,P. sativum,15.68988177,-3.609826132,-31.49366931
SRR5349969,P. sativum,2.162950244,5.983486534,-39.1298491
SRR5349970,P. sativum,7.274013886,3.09369417,-61.717168
SRR5349971,P. sativum,39.74383792,-16.01371437,14.67632191
SRR5349972,P. sativum,-0.675797607,9.121282801,-83.80483348
SRR5349973,P. sativum,30.24826994,-9.716363515,-2.373242145
SRR5349974,P. sativum subsp. sativum - Primary,37.12884142,-10.67208112,-2.495279485
SRR5349975,P. sativum subsp. sativum - Primary,44.78423597,-19.45287224,23.68883346
SRR5349976,P. sativum subsp. sativum - Primary,43.50323046,-19.94140397,28.27481286
SRR5349977,P. sativum subsp. sativum - Primary,30.30700032,-6.508020053,-13.74969196
SRR5349978,P. sativum,24.68314422,3.918507073,-3.132006072
SRR5349979,P. sativum,32.3171484,-7.689841387,-15.54199
SRR5349980,P. sativum subsp. abyssinicum,-88.81517902,-26.619283,-9.194907665
SRR5349981,P. sativum,29.31263958,-4.30442168,-9.263202859
SRR5349982,P. sativum subsp. sativum - Primary,12.579792,15.00566031,-17.4235542
SRR5349983,P. sativum,-1.010673308,9.938279745,-82.10170288
SRR5349984,P. sativum subsp. sativum - Primary,12.4927454,15.18630356,-17.34800941
SRR5349985,P. sativum,12.48201309,15.18205623,-17.29049245
SRR5349986,P. sativum,21.12554314,5.428150028,-17.62753351
SRR5349987,P. sativum,-54.72476791,88.1857108,17.37738642
SRR5349988,P. sativum subsp. sativum - Primary,22.33117816,5.77336205,-16.82615232
SRR5349989,P. sativum subsp. sativum - Primary,41.28365085,-15.61392626,23.96424164
SRR5349990,P. sativum subsp. sativum - Primary,41.63275127,-19.28816598,4.933478228
SRR5349991,P. sativum subsp. sativum - Primary,20.49165629,6.63834441,-13.53320588
SRR5349992,P. sativum subsp. sativum - Primary,35.99559697,-11.47426855,13.21323911
SRR5349993,P. sativum,14.6439476,9.010554854,-15.4699356
SRR5349994,P. sativum subsp. sativum - Primary,14.4340126,9.902632151,-16.12891778
SRR5349995,P. sativum,-64.15083293,83.68953805,9.053799097
SRR5349996,P. sativum,27.1738883,4.399162669,-12.60621371
SRR5349997,P. sativum subsp. elatius,-91.56068224,-29.47547097,-13.00981323
SRR5349998,P. sativum subsp. elatius,-98.10164775,-30.91857136,-13.49076096
SRR5349999,P. sativum subsp. elatius,-94.02634271,-31.58287605,-13.86539212
SRR5350000,P. sativum subsp. elatius,-94.32386565,-30.00392361,-14.92973397
SRR5350001,P. sativum,-13.45027978,10.90721504,-40.65124803
SRR5350002,P. sativum subsp. elatius,-39.41688526,-18.69693354,-18.13098058
SRR5350003,P. sativum subsp. elatius,-95.514912,-31.394541,-13.49629671
SRR5350004,P. sativum subsp. sativum - Primary,28.89603971,-5.2119468,-14.97507743
SRR5350005,P. sativum,21.16972573,-3.160138829,-26.96773222
SRR5350006,P. sativum subsp. elatius,-58.84474623,10.77867624,-18.42446508
SRR5350007,P. sativum subsp. elatius,-27.47992963,60.63303418,18.20315373
SRR5350008,P. sativum subsp. elatius,-95.948932,-20.50459369,-11.50617527
SRR5350009,P. sativum subsp. sativum - Primary,32.95422053,-6.26066792,-7.919427329
SRR5350010,P. sativum subsp. sativum - Primary,32.85756474,-6.46633167,-7.853041743
SRR5350011,P. sativum subsp. sativum - Primary,37.2656763,-15.95851675,1.267417176
SRR5350012,P. sativum,19.64009327,-4.487444893,-21.86569278
SRR5350013,P. sativum,29.23210828,-10.14579991,-4.14003656
SRR5350014,P. sativum,-2.624554391,7.250357822,-81.91845763
SRR5350015,P. sativum,-14.31798519,16.36993892,-28.26915142
SRR5350016,P. sativum,-1.68176777,9.077148636,-78.5201063
SRR5350017,P. sativum subsp. sativum - Primary,31.29175765,-5.994771381,-11.4496264
SRR5350018,P. sativum,14.96779934,11.91054467,-8.050255376
SRR5350019,P. sativum,18.28769168,-2.44883825,-24.83609413
SRR5350020,P. sativum,6.17353671,3.888540041,-35.14811939
SRR5350021,P. sativum,-3.744308185,9.651343248,-84.27486954
SRR5350022,P. sativum,3.485472018,5.88113066,-72.32931411
SRR5350023,P. sativum,11.50518749,-0.618719944,-33.49914138
SRR5350024,P. sativum subsp. sativum - Primary,29.12252475,-1.529336696,-9.537741016
SRR5350025,P. sativum subsp. sativum - Primary,41.6760229,-17.52069551,15.61310192
SRR5350026,P. sativum subsp. sativum - Primary,35.76470079,-11.2263186,-8.510939401
SRR5350027,P. sativum,38.36852866,-14.47049566,16.59776523
SRR5350028,P. sativum subsp. sativum - Primary,35.83991134,-10.79778237,-9.176643049
SRR5350029,P. sativum subsp. sativum - Primary,40.84998325,-11.36850296,-1.384487405
SRR5350030,P. sativum,31.91706893,-8.322237976,-18.21764512
SRR5350031,P. sativum,6.628383458,2.12076,-36.62122015
SRR5350032,P. sativum,-2.470516939,10.42459832,-83.15118219
SRR5350033,P. sativum subsp. sativum - Primary,33.6218461,-13.01885333,-0.031661112
SRR5350034,P. sativum subsp. sativum - Primary,33.23910548,2.148410914,-10.26156636
SRR5350035,P. sativum,32.79860462,-5.456245906,-14.14543773
SRR5350036,P. sativum,-23.31361833,52.37378503,32.42290434
SRR5350037,P. sativum subsp. sativum - Primary,40.22720259,-16.70442686,6.221634912
SRR5350038,P. sativum subsp. sativum - Primary,43.87601697,-19.0672175,24.47414325
SRR5350039,P. sativum subsp. sativum - Primary,37.36004272,-15.54550081,0.670512206
SRR5350040,P. sativum subsp. sativum - Primary,32.78925102,-10.01840267,-7.874186228
SRR5350041,P. sativum subsp. sativum - Primary,47.11701261,-23.81059455,40.05949926
SRR5350042,P. sativum subsp. sativum - Primary,18.68032305,-3.470770335,-20.46091527
SRR5350043,P. sativum,25.3189562,-9.464268354,-14.5223045
SRR5350044,P. sativum,5.52283776,2.113506502,-34.89310677
SRR5350045,P. sativum,19.96089468,-4.684880548,-26.03680861
SRR5350046,P. sativum,17.8050293,1.17189545,-20.88599615
SRR5350047,P. sativum subsp. sativum - Primary,43.77454635,-19.40014386,26.41354543
SRR5350048,P. sativum,18.27746823,-3.199458794,-30.6333348
SRR5350049,P. sativum,31.68621201,-12.19219995,-2.809408132
SRR5350050,P. sativum,18.92218401,-1.919056626,-28.2265887
SRR5350051,P. sativum subsp. sativum - Primary,44.72518341,-18.21551275,21.57979524
SRR5350052,P. sativum subsp. sativum - Primary,25.4290961,-1.428751719,-17.15099223
SRR5350053,P. sativum,35.3697694,-11.1344475,-15.16833132
SRR5350054,P. sativum,-36.84323636,32.787213,-20.26097319
SRR5350055,P. sativum subsp. sativum - Primary,37.42193357,-13.54364629,-1.177683111
SRR5350056,P. sativum subsp. sativum - Primary,29.68231878,-7.817685854,-14.57935386
SRR5350057,P. sativum subsp. sativum - Primary,46.12213695,-21.47927269,31.60345228
SRR5350058,P. sativum subsp. sativum - Primary,38.61057374,-16.26866201,10.7080946
SRR5350059,P. sativum subsp. sativum - Primary,18.7066131,5.098382985,-9.623761226
SRR5350060,P. sativum,41.43905164,-15.74758889,20.58833374
SRR5350061,P. sativum subsp. sativum - Primary,43.56450131,-19.41633883,31.39179298
SRR5350062,P. sativum,27.39691684,-7.388883602,0.802633078
SRR5350063,P. sativum,35.55410598,-10.97803049,-1.667993278
SRR5350064,P. sativum - Central Asia,-92.39979623,125.5554393,32.67412837
SRR5350065,P. sativum - Central Asia,-91.9018467,125.4933827,32.85246489
SRR5350066,P. sativum,29.21386866,-5.86832846,-16.43511708
SRR5350067,P. sativum subsp. elatius,-48.02735386,-17.60512411,-17.48326022
SRR5350068,P. sativum,5.433317284,3.107852887,-50.12795621
SRR5350069,P. sativum,14.43965467,0.608514412,-41.91913677
SRR5350070,P. sativum,8.580378248,3.09474005,-62.05825706
SRR5350071,P. sativum subsp. sativum - Primary,24.57118942,1.937954221,-15.4830955
SRR5350072,P. sativum,-3.647339109,7.553049257,-64.83536338
SRR5350073,P. sativum,7.588250899,18.52167485,-3.023904742
SRR5350074,P. sativum,9.80267568,-1.056677927,-34.12353355
SRR5350075,P. sativum,18.37891059,-2.876449432,-23.72904038
SRR5350076,P. sativum subsp. sativum - Primary,32.6867023,-6.541404107,-13.09124691
SRR5350077,P. sativum,14.22286426,0.034967411,-31.30280638
SRR5350078,P. sativum subsp. sativum - Primary,47.97525449,-21.40922243,36.80584966
SRR5350079,P. sativum,35.82780458,-9.936065771,-9.694868037
SRR5350080,P. sativum subsp. abyssinicum,-94.09224678,-26.85788061,-9.789251046
SRR5350081,P. sativum,17.55996614,-0.786658115,-30.43011077
SRR5350082,P. sativum subsp. sativum - Primary,29.0516067,-8.5764502,-9.777203324
SRR5350083,P. sativum subsp. sativum - Primary,38.77600289,-16.70770598,19.20588207
SRR5350084,P. sativum,-18.60346658,39.59185536,3.088051841
SRR5350085,P. sativum,12.78521619,-0.573246957,-40.43973764
SRR5350086,P. sativum,34.87761883,-13.38558908,-2.231303007
SRR5350087,P. sativum,32.93082467,-12.1409199,6.525663621
SRR5350088,P. sativum subsp. sativum - Primary,34.53827135,-10.67751046,-5.687598423
SRR5350089,P. sativum subsp. sativum - Primary,27.85809441,-9.233828099,-9.979986861
SRR5350090,P. sativum,40.06480527,-16.100893,20.42153783
SRR5350091,P. sativum,46.14393348,-21.23945912,48.65053437
SRR5350092,P. sativum,13.12407524,0.540124988,-36.09679995
SRR5350093,P. sativum,-13.1300198,10.92516548,-39.86125396
SRR5350094,P. sativum,2.067069386,3.837720725,-36.83309616
SRR5350095,P. sativum,19.44806306,0.725654136,-35.53294429
SRR5350096,P. sativum,28.2432298,-10.78970089,9.980256619
SRR5350097,P. sativum subsp. sativum - Primary,38.476765,-10.96699819,-1.104441102
SRR5350098,P. sativum subsp. sativum - Primary,37.40995302,-14.16499607,6.0595713
SRR5350099,P. sativum,39.18731352,-10.45410497,-0.945080631
SRR5350100,P. sativum,0.209608732,4.773451411,-35.49340375
SRR5350101,P. sativum,28.23911791,-10.79246097,10.34141038
SRR5350102,P. sativum,48.69940035,-21.5038061,43.03484435
SRR5350103,P. sativum subsp. sativum - Primary,42.73234131,-17.51454319,9.348833413
SRR5350104,P. sativum,35.68303336,-9.284237759,-1.539768964
SRR5350105,P. sativum subsp. sativum - Primary,47.52529923,-21.78224341,30.16991017
SRR5350106,P. sativum subsp. sativum - Primary,24.59210994,2.571577355,-10.78532481
SRR5350107,P. sativum,33.16654188,2.025335494,-9.930650189
SRR5350108,P. sativum - Central Asia,-91.96071988,122.3748797,31.65045193
SRR5350109,P. sativum,36.58294779,-13.665767,-4.331515705
SRR5350110,P. sativum subsp. sativum - Primary,47.6364479,-23.58631994,40.94128816
SRR5350111,P. sativum subsp. sativum - Primary,41.65375694,-18.16189848,25.92351889
SRR5350112,P. sativum subsp. sativum - Primary,48.9510914,-22.27214865,36.26757305
SRR5350113,P. sativum subsp. sativum - Primary,45.7139683,-18.67341642,25.54907231
SRR5350114,P. sativum subsp. sativum - Primary,36.53982152,-13.05241176,-4.158960411
SRR5350115,P. sativum subsp. sativum - Primary,42.78190422,-16.84734977,9.248586588
SRR5350116,P. sativum,36.78816977,-13.94593287,-3.855181234
SRR5350117,P. sativum,14.73745119,12.04686528,15.17494449
SRR5350118,P. sativum,13.61127889,2.632100185,-40.54995021
SRR5350119,P. sativum subsp. sativum - Primary,36.1587429,-11.13400843,0.589290598
SRR5350120,P. sativum subsp. sativum - Primary,40.69165625,-14.93934193,10.76006768
SRR5350121,P. sativum subsp. sativum - Primary,33.06871754,-6.25130814,6.691268721
SRR5350122,P. sativum,22.72531332,-6.187079334,-7.387560787
SRR5350123,P. sativum,-18.15759714,10.95761734,-34.68327304
SRR5350124,P. sativum subsp. sativum - Primary,34.75477273,-4.37137124,-5.83075288
SRR5350125,P. sativum,-1.601956179,13.15843941,-27.02448315
SRR5350126,P. sativum,-27.62787142,37.69570527,-14.59030094
SRR5350127,P. sativum - Central Asia,-97.5997828,130.8943801,32.3075475
SRR5350128,P. sativum - Central Asia,-97.46772797,130.4352213,34.08635866
SRR5350129,P. sativum,8.947918923,1.997419374,-38.66938712
SRR5350130,P. sativum - Central Asia,-64.14512975,95.60929525,25.27718928
SRR5350131,P. sativum - Central Asia,-97.54152175,132.5266426,34.25384932
SRR5350132,P. sativum subsp. sativum - Primary,30.211172,-1.454736442,-9.75368604
SRR5350133,P. sativum,-99.65885259,135.8625179,34.46656726
SRR5350134,P. sativum subsp. sativum - Primary,37.64423404,-13.9445696,11.67440194
SRR5350135,P. sativum,13.69060321,0.515788499,-37.49871553
SRR5350136,P. sativum,0.594068243,20.91334148,-19.85544958
SRR5350137,P. sativum,13.08545007,1.550888154,-28.74232843
SRR5350138,P. sativum subsp. sativum - Primary,33.46176114,-9.503779001,2.746297536
SRR5350139,P. sativum,7.433448952,19.38866801,6.09430364
SRR5350140,P. sativum,32.08355348,-9.722624777,-10.11088218
SRR5350141,P. sativum - Central Asia,-95.18494505,129.2083449,32.83776058
SRR5350142,P. sativum subsp. sativum - Primary,37.58834885,-14.29566609,7.886763805
SRR5350143,P. sativum subsp. sativum - Primary,29.38736204,-9.395899204,-5.250598222
SRR5350144,P. sativum,18.53315148,-2.576114487,-24.92550504
SRR5350145,P. sativum,9.538795024,1.026371306,-36.77048771
SRR5350146,P. sativum,11.86038865,1.494421117,-41.08607217
SRR5350147,P. sativum,25.43882221,-6.275742837,-21.8614301
SRR5350148,P. sativum subsp. sativum - Primary,25.42713018,-7.059431152,-21.49316286
SRR5350149,P. sativum,13.49420828,0.586718927,-30.27026819
SRR5350150,P. sativum subsp. sativum - Primary,26.4220529,-4.295588976,-17.80507623
SRR5350151,P. sativum,-83.86130349,114.3481808,31.07290718
SRR5350152,P. sativum,13.91603061,-0.215931232,-47.05767373
SRR5350153,P. sativum,12.95151766,2.383723849,-33.42607376
SRR5350154,P. sativum subsp. sativum - Primary,27.36458604,-2.425127093,-14.04241086
SRR5350155,P. sativum subsp. sativum - Primary,33.59247218,-8.140003821,-6.803558103
SRR5350156,P. sativum subsp. sativum - Primary,21.50002197,10.39782057,-2.00974213
SRR5350157,P. sativum subsp. sativum - Primary,21.51536836,11.66341395,-2.2051924
SRR5350158,P. sativum subsp. sativum - Primary,30.91416488,-6.958519466,-19.20891413
SRR5350159,P. sativum subsp. sativum - Primary,16.70518165,14.09987406,-5.087958915
SRR5350160,P. sativum subsp. sativum - Primary,11.98601847,20.89557559,-2.924707548
SRR5350161,P. sativum,9.661692184,24.24102563,-2.281518689
SRR5350162,P. sativum,37.84093965,-10.03677359,-1.931821948
SRR5350163,P. sativum,13.2889399,4.464834121,-25.48051283
SRR5350164,P. sativum,-4.573436958,9.547252567,-88.84217514
SRR5350165,P. sativum,27.91081394,-7.328928679,-5.217414663
SRR5350166,P. sativum subsp. sativum - Primary,45.36891394,-17.95338673,20.15227075
SRR5350167,P. sativum subsp. sativum - Primary,34.01337885,-10.91153323,-4.054127655
SRR5350168,P. sativum,17.70546592,-2.551007531,-31.07685298
SRR5350169,P. sativum subsp. sativum - Primary,40.01089107,-14.88231708,0.23085267
SRR5350170,P. sativum subsp. sativum - Primary,40.0508804,-15.24513688,0.982915933
SRR5350171,P. sativum,6.533804145,0.885600992,-31.59772524
SRR5350172,P. sativum,-28.15075446,18.19203123,-35.12647983
SRR5350173,P. sativum subsp. sativum - Primary,45.11349877,-20.81176391,22.43388284
SRR5350174,P. sativum,-8.721132399,42.99170579,2.181413096
SRR5350175,P. sativum,17.34028921,0.52846983,-16.17372854
SRR5350176,P. sativum,21.6230625,-5.274581044,-19.10198173
SRR5350177,P. sativum,30.11531054,-9.660718337,-7.727019196
SRR5350178,P. sativum,-16.90322133,19.65202555,-30.80511348
SRR5350179,P. sativum - Central Asia,-92.38457566,125.1607562,33.24379356
SRR5350180,P. sativum - Central Asia,-90.41348287,122.4184695,32.30380714
SRR5350181,P. sativum subsp. sativum - Primary,33.63966019,-13.94701345,11.74727463
SRR5350182,P. sativum subsp. sativum - Primary,39.72742317,-17.86990265,1.118700639
SRR5350183,P. sativum subsp. sativum - Primary,32.80003869,-9.528353346,-4.391064249
SRR5350184,P. sativum - Central Asia,-96.30315717,131.4544445,34.36330347
SRR5350185,P. sativum,-57.80708161,90.80692246,15.42930627
SRR5350186,P. sativum - Central Asia,-90.80381763,121.3674268,30.20140651
SRR5350187,P. sativum,13.21217318,2.574315395,-23.49281863
SRR5350188,P. sativum subsp. sativum - Primary,30.73236586,-5.896269999,-14.26604479
SRR5350189,P. sativum - Central Asia,-92.38081472,120.938855,29.6715545
SRR5350190,P. sativum,23.91009711,-0.497958013,-17.74644592
SRR5350191,P. sativum,23.70737001,6.353355746,-7.204030768
SRR5350192,P. sativum subsp. sativum - Primary,26.79183714,5.264815853,-12.30098297
SRR5350193,P. sativum,-20.03593854,52.09421122,7.781619371
SRR5350194,P. sativum subsp. sativum - Primary,13.30181605,17.59142947,-1.802127648
SRR5350195,P. sativum subsp. sativum - Primary,24.72623916,-0.720271557,-8.720026892
SRR5350196,P. sativum subsp. sativum - Primary,25.46979067,-3.601270191,-22.12748815
SRR5350197,P. sativum,25.39593368,-4.492781005,-8.110417345
SRR5350198,P. sativum,-44.05552152,55.80815783,0.378885637
SRR5350199,P. sativum subsp. sativum - Primary,30.45702551,-7.868263558,-8.250423576
SRR5350200,P. sativum subsp. sativum - Primary,36.22710261,-9.979285686,9.556065956
SRR5350201,P. sativum subsp. sativum - Primary,34.92729748,-8.565607285,9.845293698
SRR5350202,P. sativum,-58.90461417,92.36823458,12.15313472
SRR5350203,P. sativum - Central Asia,-65.22031267,89.07858823,9.638137573
SRR5350204,P. sativum,-45.73853665,63.83153694,-6.213923276
SRR5350205,P. sativum subsp. sativum - Primary,30.08273701,-4.754601272,-13.34420599
SRR5350206,P. sativum subsp. sativum - Primary,32.43212678,-5.985104016,-6.744181563
SRR5350207,P. sativum subsp. sativum - Primary,31.67881491,-9.441590221,-6.266459235
SRR5350208,P. sativum,19.0235405,-4.27707919,-22.91541719
SRR5350209,P. sativum,25.8884346,-5.307028033,-16.77357856
SRR5350210,P. sativum - Central Asia,-97.52224152,132.6448492,33.32921673
SRR5350211,P. sativum subsp. sativum - Primary,30.14722036,-0.946900405,5.108885302
SRR5350212,P. sativum subsp. sativum - Primary,13.66836651,13.74413897,-8.485094331
SRR5350213,P. sativum,13.48775789,-0.188143147,-34.2687512
SRR5350214,P. sativum,2.393194702,24.85258778,8.744308472
SRR5350215,P. sativum - Central Asia,-82.45766749,111.0689882,28.42455509
SRR5350216,P. fulvum,40.26862694,-16.85688871,40.79736761
SRR5350217,OSU,43.13139589,-19.15645428,48.99283222
SRR5350218,OSU,38.18026103,-8.845636872,-3.709532158
SRR5350219,OSU,37.96815371,-15.64909851,44.02284127
SRR5350220,OSU,47.29825245,-21.28044717,54.9226309
SRR5350221,P. sativum,46.9022165,-21.32214811,31.68272705
SRR5350222,P. sativum,10.60138354,8.70176239,0.59768118
SRR5350223,P. sativum,47.17833441,-22.81540565,40.15028188
SRR5350224,P. sativum,40.33014455,-19.59992713,28.52426358
SRR5350225,OSU,45.39722972,-18.22285781,50.31424499
SRR5350226,P. sativum,40.53692361,-17.90200592,4.833667792
SRR5350227,P. sativum,39.79655921,-16.39730282,1.062309567
SRR5350228,P. sativum,36.87304843,-14.11411629,10.45348134
SRR5350229,P. sativum,-2.559319963,-22.72347442,29.87190784